code	state	2020_EW10	2020_EW11	2020_EW12	2020_EW13	2020_EW14	2020_EW15	2020_EW16	2020_EW17	2020_EW18	2020_EW19	2020_EW20	2020_EW21	2020_EW22	2020_EW23	2020_EW24	2020_EW25	2020_EW26	2020_EW27	2020_EW28	2020_EW29	2020_EW30	2020_EW31	2020_EW32	2020_EW33	2020_EW34	2020_EW35	2020_EW36	2020_EW37	2020_EW38	2020_EW39	2020_EW40	2020_EW41	2020_EW42	2020_EW43	2020_EW44	2020_EW45	2020_EW46	2020_EW47	2020_EW48	2020_EW49	2020_EW50	2020_EW51	2020_EW52	2020_EW53	2021_EW01	2021_EW02	2021_EW03	2021_EW04	2021_EW05	2021_EW06	2021_EW07	2021_EW08	2021_EW09	2021_EW10	2021_EW11	2021_EW12	2021_EW13	2021_EW14	2021_EW15	2021_EW16	2021_EW17	2021_EW18	2021_EW19	2021_EW20	2021_EW21	2021_EW22	2021_EW23	2021_EW24	2021_EW25	2021_EW26	2021_EW27	2021_EW28	2021_EW29	2021_EW30	2021_EW31	2021_EW32	2021_EW33	2021_EW34	2021_EW35	2021_EW36	2021_EW37	2021_EW38	2021_EW39	2021_EW40	2021_EW41	2021_EW42	2021_EW43	2021_EW44	2021_EW45	2021_EW46	2021_EW47	2021_EW48	2021_EW49	2021_EW50	2021_EW51	2021_EW52	2022_EW01	2022_EW02	2022_EW03	2022_EW04	2022_EW05	2022_EW06	2022_EW07	2022_EW08	2022_EW09	2022_EW10	2022_EW11	2022_EW12	2022_EW13	2022_EW14	2022_EW15	2022_EW16	2022_EW17	2022_EW18	2022_EW19	2022_EW20	2022_EW21	2022_EW22	2022_EW23	2022_EW24	2022_EW25
AK	Alaska	0	1	15	76	80	89	58	25	26	15	18	20	32	131	145	125	183	311	333	496	733	956	552	585	547	533	496	547	554	705	882	1180	1376	1728	2812	2951	3846	4080	4225	4829	4226	3191	1784	2324	2158	1699	1497	1043	1043	1149	996	889	1039	932	899	1098	1238	1281	1139	1138	1089	732	584	438	306	261	183	223	160	349	347	709	1378	1668	2100	2237	3333	3597	3889	4533	5185	7319	8024	5645	6419	5505	4615	4231	3049	2916	2004	1897	1441	1214	655	1875	8184	13265	16727	17051	12516	7190	3854	2727	2106	2608	1490	945	1907	936	1303	1528	1496	1464	1623	1950	2020	2012	2485	2175	0
AL	Alabama	0	15	134	652	926	1619	1442	1486	1426	2020	2108	2500	3361	2666	5009	4319	5400	8133	9586	13379	12007	12111	9555	7072	7883	9346	6759	6252	6412	7387	7216	6517	7439	11694	9782	9905	12325	14865	14285	22596	25252	27063	23554	26000	29692	21531	18761	16140	15729	8545	6130	6697	6728	3894	7782	2985	2543	1973	3543	3767	2411	2435	9085	2099	1477	2180	1738	1334	1277	1364	3307	4873	9653	16476	21602	20696	31845	28268	31262	26532	22489	19120	12379	7679	6002	6116	12056	4087	3696	3200	2315	3186	3813	5342	10793	28529	69566	38442	132765	77701	36112	19598	10590	6398	3939	6054	2187	1322	2960	1262	1139	1632	1596	1664	2313	3173	4554	4592	8332	9620	5129
AR	Arkansas	0	12	119	287	334	485	516	1167	461	375	831	1197	1238	2088	2994	3047	4168	3899	4655	4669	5448	5192	5638	3581	4207	4179	4312	5020	5450	5595	5770	5695	6202	6896	6872	8638	11338	11655	11205	14356	14870	15862	13855	17473	20304	18432	12817	11392	11677	6498	2668	3965	5458	2160	1734	1313	1110	1083	1354	1235	1326	1447	1272	1353	1250	1055	1528	1599	1782	3325	4881	7120	11748	12124	16456	15382	15737	14569	14127	11162	10432	7916	5343	4829	4168	3426	2995	2985	3474	4413	3347	5760	5235	5034	6749	20650	42373	62776	59044	33227	25300	12715	7849	5006	3969	3301	3819	2495	575	565	545	746	911	1173	1440	1974	2371	2832	4107	4963	1590
AS	American Samoa	0	0	0	0	0	0	0	0	0	0	0	0	0	0	0	0	0	0	0	0	0	0	0	0	0	0	0	0	0	0	0	0	0	0	0	0	0	0	0	0	0	0	0	0	0	0	0	0	0	0	0	0	0	0	0	0	0	0	0	0	0	0	0	0	0	0	0	0	0	0	0	0	0	0	0	0	0	0	0	0	0	1	0	2	0	1	0	0	1	0	0	5	0	0	1	0	7	0	0	0	17	22	0	27	112	247	623	1196	1555	1201	518	172	114	101	76	73	58	62	0	151	0
AZ	Arizona	4	8	92	669	1246	1374	1331	1562	2078	2596	2706	2387	3205	6193	9209	15467	19997	24443	25363	21335	18776	16961	9105	6547	5241	3392	4230	2611	5423	3275	3573	4579	5481	6313	9174	11438	15669	22281	27440	36126	43689	45642	44810	46109	68195	59556	48456	38022	25714	16230	10840	9544	9412	6975	3671	3569	4504	5183	4029	5026	5495	4811	4114	3915	4055	2848	3090	2938	3369	3807	4118	5480	9544	11575	16180	18995	20365	22989	21595	18476	18511	17444	18377	16252	15557	16364	17720	20417	24856	26916	24325	25660	24724	21103	20647	35000	71925	101560	166437	115282	66743	34431	16834	13970	3879	6549	5153	4566	10143	6840	2777	2377	2350	3911	5490	7204	11498	13042	14677	16334	0
CA	California	94	241	1061	6118	7339	8627	9181	11790	11454	13374	12210	14078	17989	18381	20765	26771	39935	49493	61249	62562	66877	57984	46411	65501	41872	36280	32454	23023	24014	24658	23635	23443	21876	31741	29842	41892	57133	89141	101683	155767	225209	310688	277649	282488	295830	278994	172418	139250	98999	70858	46817	38766	31362	24406	20602	18770	18803	23056	18480	14313	14035	13133	11277	8906	12588	6326	7098	6748	10368	7357	13343	27335	44416	59501	96371	88465	108092	95611	96926	68139	68332	41619	52055	42472	37400	40250	43610	44002	44466	32182	24750	45765	47309	48444	89753	233565	542102	852655	770202	596119	317885	204254	96321	66190	42582	30951	29180	23799	18634	23964	23327	33774	44288	55296	61590	98503	111266	102438	122994	104729	62735
CO	Colorado	8	95	372	1586	2504	2328	2547	3528	3257	3150	2258	2331	2134	1750	1169	1331	1674	1844	2725	3197	4001	3478	3057	2514	2045	2157	1946	1910	3460	4154	4045	5087	6727	9031	13950	20617	31267	35445	30604	32064	28287	20964	17021	15553	19775	14536	11483	10053	9237	8727	6829	7650	8300	6991	7075	7769	9304	10542	11585	11647	12129	9578	8688	5899	5436	4095	4118	2978	2946	2730	3129	3428	3460	5793	6610	7834	9414	11187	12217	12544	13754	12242	12633	14948	16374	15781	19841	19994	21507	22774	17125	16728	15497	12398	19768	43025	60134	114311	82147	54494	29777	18462	13011	9450	6386	7616	5788	9775	7455	7801	9349	10309	7484	6803	17578	11496	22571	13409	29475	14491	6061
CT	Connecticut	0	23	171	1330	3752	6234	6040	7033	4704	3697	3719	3319	2015	1796	1176	721	491	511	570	606	883	1034	510	577	634	976	870	961	1201	1060	1710	1741	2792	3222	5155	6918	10520	12824	11112	15134	19046	16021	9961	17377	15874	17428	14393	12208	9349	7965	5764	6845	5384	5247	6114	8519	8746	7630	7476	5704	4467	3485	2259	1348	1016	550	459	315	455	356	493	706	1362	2298	3741	3760	4020	4852	4427	3798	5409	3391	3333	2942	3115	3103	2357	2386	2781	5168	5555	6802	14148	16143	18991	35631	63523	63861	34102	24396	10070	6744	6443	3050	2456	4864	2171	2328	3080	3618	4758	6158	6471	7891	13288	18156	8851	5465	4424	4514	2028
DC	District of Columbia	0	0	98	206	598	876	888	1033	1098	1305	940	924	751	552	440	275	232	231	354	393	523	488	448	506	375	391	313	255	409	313	258	445	416	372	560	625	923	1147	1347	1564	1771	1699	1368	1799	1948	2080	1540	1585	1215	919	757	925	795	1159	743	876	881	830	817	640	478	467	366	197	171	170	111	64	62	73	77	197	321	425	705	1098	1141	1214	1362	1048	1885	1354	1126	1371	274	612	652	559	572	657	482	920	1272	2517	8346	14721	15754	11831	5329	2617	1726	1533	877	629	352	545	529	570	564	717	2169	1583	588	0	3244	2023	2061	1734	1794	1104	262
DE	Delaware	0	6	39	169	379	886	1059	1038	1462	1239	1270	982	893	423	384	452	410	905	747	686	773	702	625	894	432	531	549	834	723	707	969	873	944	905	1104	1307	2137	2926	3349	4426	5780	5260	4337	4400	5602	4897	4543	3636	2281	2840	1859	1986	1622	2017	1786	1759	2376	2126	2574	2150	1694	1327	925	1407	490	300	252	209	129	189	173	320	390	678	1151	1629	2274	2465	2818	2831	3228	3240	3174	3071	2586	2184	1892	1662	1921	2513	2361	3515	4202	4799	6640	12317	18356	22858	13407	8458	3797	2536	1654	1501	734	843	571	590	663	553	923	1358	1062	1915	2889	4029	3605	2767	2586	1734	923
FL	Florida	7	69	687	3000	7774	6957	6998	5347	4624	4538	4810	5316	5297	7334	10794	20245	38748	57507	64459	83058	76942	65517	46549	43060	27960	21406	24864	17704	19662	17449	15909	14330	23560	23770	26296	34530	38019	56731	53470	64341	67335	76192	71423	90245	109864	95489	79728	73675	57770	50578	41770	39975	37215	32212	31253	34700	37970	41681	43354	41846	35024	27638	22947	18744	12552	12049	11454	10095	11048	15684	23747	45449	73166	110724	134751	151764	150740	151760	129202	100249	75998	55557	37299	25184	18807	14564	12151	10498	10302	9891	0	19555	12984	28841	124865	302179	423150	408841	282520	197768	131699	122428	42373	25523	13956	10278	0	16741	0	21348	0	36371	0	60429	0	99630	23332	115325	41574	107184	0
GA	Georgia	5	68	482	1811	3794	5999	5510	5553	5109	4257	4624	5030	4089	5028	5445	7005	11176	18334	21082	25479	25308	24824	23415	21741	17054	15536	13790	11357	12116	8852	8296	8100	9115	10221	11185	44247	17868	23899	20760	31807	38669	44260	46488	56334	63730	60811	52495	43700	31544	25406	20939	20440	17591	11189	11167	10296	9250	9020	10600	9552	8635	7843	5742	4542	3729	2511	2613	2378	2218	2463	3870	6580	11729	21744	31990	41176	54469	62842	63788	50560	40840	32422	24527	20604	13032	9700	8694	6943	6229	7384	4842	9384	9871	12928	41926	106279	89063	184377	116356	116843	56607	31006	17777	10755	7721	6132	6002	3218	14523	2823	3552	2526	5979	6525	9254	10955	14331	15060	17753	19315	0
GU	Guam	0	0	15	40	38	40	3	5	4	6	3	11	7	7	4	39	25	33	32	3	22	22	53	104	251	580	324	220	226	237	345	357	561	558	506	432	852	511	306	177	120	114	75	60	73	75	73	32	57	53	26	20	14	19	12	20	16	19	30	50	60	59	56	41	25	48	32	31	61	45	58	46	24	40	132	238	387	857	951	1188	1144	810	1004	806	737	713	679	437	267	178	94	84	60	65	60	186	1070	2427	3736	4953	3965	3871	2763	1941	1145	842	392	355	259	228	160	219	198	181	173	192	280	356	611	673	279
HI	Hawaii	1	4	32	113	202	114	109	31	15	11	9	9	8	22	50	66	83	127	201	154	266	577	1149	1479	1531	1783	1554	1029	763	720	716	644	578	615	526	767	708	602	721	656	970	968	869	1020	1449	1072	789	787	647	403	302	483	358	486	585	612	864	734	672	582	741	697	568	584	305	411	440	309	312	337	446	711	1293	2027	3450	4495	4851	5345	6227	4378	3850	2771	2074	1432	967	938	955	768	798	1031	605	802	867	2760	8410	15458	23004	27362	33098	15928	10501	5443	3037	1765	1387	505	1092	827	1187	1194	1327	1736	3370	4249	5768	7149	8924	8124	8033	7199	0
IA	Iowa	0	17	52	229	489	723	1003	2579	3551	3028	2657	2570	2346	2234	2239	1779	2577	2988	3597	3655	3573	3407	3242	3530	3931	7616	6078	4515	5599	6104	6393	6741	7656	8138	13674	21744	33301	25648	17976	16206	11624	11950	7834	9102	12276	8577	7874	6488	5196	4733	3143	4100	3247	3176	2937	3912	3653	3616	2942	2964	2500	2335	1668	1287	812	625	567	524	485	588	1454	651	1395	2158	3570	6822	5944	7558	8852	9591	13071	11429	9911	5773	8167	6907	9706	8275	9157	10073	5222	15764	11664	10742	6926	11546	32499	37410	36953	29925	17412	9866	5964	3319	6698	1231	773	743	754	673	1060	1255	1746	2811	3535	2077	3960	3854	4283	3987	0
ID	Idaho	0	2	40	192	788	374	259	232	174	144	214	176	208	336	214	651	1320	2048	3136	3797	3523	3284	3387	2978	2184	2009	1806	1693	2080	3049	3406	3999	4881	6112	5914	7704	9005	9517	8826	10045	10927	8437	6718	6412	7036	6041	4049	3358	2526	2274	1667	1990	1791	2305	2184	2008	1753	1972	1616	1414	1473	1132	1120	1160	944	783	720	491	684	482	659	1025	1440	2188	3607	3963	4885	4948	7657	8033	8444	8535	9456	8442	8408	8141	6249	5047	3550	3447	2466	3107	2823	2275	1759	3656	8069	13406	17200	19664	13346	12070	11376	9125	8845	5448	4007	1611	661	427	403	505	495	816	1057	1352	1692	1961	2509	2480	0
IL	Illinois	6	58	689	2738	6866	8823	9980	12617	16728	17580	16372	15339	11121	7973	4981	4233	4973	5535	7482	7691	9337	10632	12244	11853	13850	13365	17036	11897	13042	13732	14009	16669	23935	31515	41646	61431	85007	83301	66650	67039	61713	52679	39775	41210	48687	40628	33860	25346	20408	16242	12301	12623	11820	10580	12585	15146	18607	22645	22745	19423	18870	15358	11794	9545	6498	3840	2394	1391	1782	2084	2945	4449	7984	11679	16747	21334	24684	25636	30321	26058	25959	21785	18743	19240	15668	15136	14615	17459	22600	28279	21031	50176	49666	59313	77259	128254	232906	207176	183745	123791	60390	29932	26204	13022	10465	8515	7471	8041	8429	10784	14052	19550	24647	30635	40028	40187	36839	32601	34001	27112	13424
IN	Indiana	1	15	112	1105	2720	3482	3206	3758	4896	4437	3548	3621	3310	2786	2546	2518	2514	2857	3647	4575	5866	5602	6165	6389	5641	7117	6527	5600	6198	5790	7510	9352	12566	14477	18904	26364	39165	44296	39825	46011	44517	38335	34150	31069	35470	28489	21470	16440	13028	9670	7003	6282	5574	5343	5276	5941	6889	7568	9578	6848	7618	7234	5925	4890	3712	3216	2543	2145	1457	2025	2338	3101	4285	6851	10027	15407	20416	26551	33775	26685	26701	21327	17923	16980	13860	11242	11378	12488	16228	17163	15038	33847	32564	30655	19372	45928	82569	96454	98650	79545	42865	17416	9916	6062	3408	2932	2099	1374	1326	1230	865	3194	5533	4793	6749	8143	8784	8082	8643	8473	2691
KS	Kansas	0	8	49	209	432	577	546	1314	1750	1944	1110	1007	744	671	659	1077	1520	2294	2776	3006	3315	2582	2855	3440	3486	4199	4054	2997	3807	5637	4504	4730	5213	5782	8551	12774	17770	19547	18460	15717	17115	15197	9324	17370	14632	13771	10554	8048	6970	4549	4740	2782	2191	1807	1524	1469	1441	1344	1634	1476	1717	1450	1142	1290	849	728	827	724	742	1189	1872	2954	3818	5665	6641	8359	8206	9690	11334	9939	9823	7488	6832	6241	5678	5591	5840	5625	7515	7972	5433	13247	11591	11719	7765	14009	45804	55500	59356	42062	21877	4863	13018	3311	2064	1182	520	465	547	695	1014	1395	2420	2248	2863	2008	3063	3196	4674	3933	47
KY	Kentucky	1	15	71	293	537	776	1014	1208	967	1561	1248	883	1133	1583	1158	1185	1537	1209	2745	3063	4580	3959	3855	4352	4136	4511	4887	3951	4691	4930	5965	7444	7352	8683	11739	12442	16476	19771	18274	23882	22595	19904	14999	18408	26427	23927	20243	16548	15138	10837	8928	7929	6237	5586	4742	4154	4440	3614	4317	3594	4140	3986	3493	3325	2700	2137	1808	1290	1037	1129	1570	2974	5154	8786	13364	17097	23196	28850	30544	27566	28715	23682	20796	14787	12873	9772	8692	8047	9346	10285	9661	15724	16057	15046	8181	19704	59736	59465	80938	84603	52896	38514	26150	16234	12016	2009	9532	8639	8796	3277	3174	2940	3047	4054	5408	8525	6016	9630	13675	8919	4933
LA	Louisiana	0	77	686	2552	9181	7518	3566	2932	2628	2277	2700	2808	2652	2909	3797	3221	5384	8520	13514	11787	15144	12546	12466	7991	4983	5224	5415	4750	4213	3830	3674	4580	4320	4877	4046	5066	10266	14728	13893	16575	17014	18243	14065	18776	26156	23422	15402	17021	12585	8724	3702	6305	4453	3437	3255	3332	2400	3369	3117	3586	3040	3192	3060	2982	2870	2296	2373	2099	2068	3039	4998	8387	16898	28836	32224	40873	35139	29881	17104	15674	13063	8887	7382	5423	4545	3757	2840	3378	2505	2976	1721	3738	3146	4733	9705	38322	79733	88195	63399	45251	28209	15752	7883	5420	2083	1382	1205	755	575	801	1024	1271	1664	2163	3346	5083	5611	6690	7921	6649	5863
MA	Massachusetts	72	223	1711	4893	8292	12147	15319	14880	12447	9898	7551	6059	3598	2481	1743	1330	1288	1145	1496	1585	1736	2094	2062	2008	2069	2284	2065	2344	2641	2869	4253	4037	4590	6558	9088	11000	16566	18013	18314	29548	33708	33545	30332	34579	42954	38591	30367	25267	19467	15068	11869	11916	10251	10685	12241	14699	15676	14346	13672	10320	8709	6261	4950	3306	1987	1157	896	518	384	400	692	1442	2908	4600	6615	8091	9249	10060	11789	11438	13931	11876	10770	9886	9826	9341	9270	9558	11801	17452	18972	26139	33745	35881	50049	85095	139314	146355	109703	62465	32011	18194	12550	8388	6173	4906	5264	6240	8184	9539	14469	13862	18872	22726	29480	30983	22785	16440	14652	11550	4389
MD	Maryland	3	24	169	802	2130	4569	4632	5440	6707	7061	6434	7527	6520	5467	3823	2651	2494	2891	3126	4739	5848	6311	5216	5112	3830	3771	4313	3926	4211	3228	3847	3976	4332	4360	5794	7634	11175	15881	14477	17936	19625	16745	16686	17731	20193	20667	15276	13419	9358	8052	5601	5535	5338	5971	6435	7693	8951	9587	9612	7492	5989	4351	2944	2413	1480	943	712	514	381	457	572	924	1612	2905	4568	5967	6895	7937	8314	7164	8668	8629	8467	7729	6793	5687	5268	4721	5451	6207	6286	9380	8877	16747	42790	74630	92933	82097	42099	21388	11742	6528	4537	4462	2781	2142	2104	1961	1860	3001	4129	5433	6613	8243	12162	16083	15403	12506	11488	10006	1388
ME	Maine	0	3	68	141	245	160	231	118	188	255	240	365	269	242	233	181	216	243	123	125	146	147	91	116	174	174	141	202	200	224	226	211	217	224	526	938	1191	1332	1165	1839	2493	3118	2809	3698	3774	4200	3379	2570	1897	1360	942	1126	1146	1224	1430	1360	1817	2275	3194	2673	2004	2135	1773	1339	795	497	386	253	170	135	121	256	429	558	843	1217	1138	1721	2688	2444	3396	3283	4276	3480	2785	3243	3292	3513	3373	4719	2626	4629	6879	6403	5380	4956	6640	7481	6041	7327	6785	6687	26073	12350	4600	1573	1403	1143	1419	1459	2369	1947	3047	5609	4166	4203	3514	1794	1739	1602	0
MI	Michigan	0	36	589	4265	9845	9765	7531	6758	6635	4252	4639	4731	3179	2689	922	1709	2134	2902	3789	4968	4284	5710	4859	5591	4262	5092	6055	5867	5029	6286	6898	8182	11652	14507	21794	31667	46719	53229	49131	48424	38583	30897	20270	21795	24432	19232	14961	13392	10547	8271	7313	9281	10522	14016	20982	32630	45192	51512	53296	38100	28375	21781	14383	10096	5506	2994	2051	1163	970	1256	1370	1687	2928	4746	7495	10029	12043	14036	16254	17238	21442	23008	26768	29611	30685	27308	28080	34552	37213	61551	38811	70095	50253	46563	31437	64747	145333	128398	140169	110955	59870	29804	18321	14793	7872	5961	6651	5649	5418	3759	7725	10474	14482	18945	27705	29267	25968	19535	18453	15578	0
MN	Minnesota	1	20	113	307	424	562	782	1237	2786	4558	4179	4876	4345	3311	2671	2295	2566	2591	3947	3899	4821	4897	4913	4312	4454	5390	5623	3708	5133	6938	7128	8041	10262	11032	16350	26482	41074	46924	41071	41258	30117	19237	11910	11287	16581	10634	8761	7011	6398	5574	5366	5633	5326	7279	7878	9560	12434	14010	14259	12151	10837	9435	6663	4705	2778	1323	1186	792	634	620	637	1227	1863	3314	5087	7063	8705	10634	11228	11078	15117	15569	17608	20856	19755	14845	17304	27458	26617	29578	24026	31702	29848	22504	16941	25988	41853	74181	78488	92931	49393	29343	16261	7835	5314	4058	2744	2657	2819	3136	4413	6221	8688	11408	15092	13816	12119	10742	11421	10169	1531
MO	Missouri	1	6	111	859	1652	1827	1328	1402	1434	1396	1074	1083	1227	1639	1179	1904	2813	3212	4287	5234	8366	10564	6366	9124	8136	8482	10260	9565	11056	11323	9630	13673	12053	13466	17420	24574	36685	31451	28322	30183	30266	26712	21078	25964	29230	22249	16608	15076	11842	7580	5728	5924	4217	3667	4339	4807	4037	4455	3908	4571	4554	4071	3103	3039	3175	2895	3974	4454	5466	6012	10089	13393	16755	17826	20031	19345	16828	16314	16191	14755	15323	12741	11007	9262	7763	6788	6661	7514	9544	19322	6971	22051	20205	20018	15642	32635	85701	86309	80483	61476	31905	19824	14031	7200	4539	3169	1973	5550	2601	4399	2489	3281	4452	4989	6052	8894	9040	9621	10923	10946	1442
MP	Northern Mariana Islands	0	0	0	0	8	3	3	0	0	1	4	3	0	4	4	0	0	1	0	6	1	4	5	3	4	0	3	2	3	7	4	2	5	8	4	6	2	3	1	2	7	2	7	0	3	3	1	3	1	1	1	8	1	3	10	2	0	1	2	2	4	1	3	9	2	0	0	0	0	0	2	2	1	2	16	8	10	10	9	7	8	8	4	7	5	8	17	43	34	73	235	490	592	547	498	468	311	307	303	564	1119	1462	958	1223	585	305	310	333	131	5	45	18	42	18	24	10	18	33	37	79	87
MS	Mississippi	0	6	134	523	792	1187	1332	1744	1723	1937	1745	1882	2224	1810	2309	1293	4890	5143	4745	6427	9135	8900	6765	5109	5513	4761	4449	3142	3467	3590	3490	4471	5368	5082	5072	5725	7455	9061	7539	13518	14489	14164	12912	15254	16591	14001	12154	11167	6588	5565	3899	3849	3230	3256	2100	1743	1571	1341	1697	1320	1551	1266	1544	1562	1135	782	926	833	889	1349	1871	2747	6376	10325	14644	22998	25102	21391	19223	13449	13101	9489	6314	5055	3519	3307	3221	2238	1913	2279	1884	2872	3611	3340	3047	18235	42810	48081	46754	36284	34196	24855	8811	3528	2152	1352	830	703	628	1103	524	492	735	1146	2806	2596	2715	3646	4495	5680	3462
MT	Montana	0	5	22	102	136	112	49	19	10	4	10	11	26	36	48	110	154	315	510	794	788	822	808	770	717	875	913	761	1238	1744	2449	3761	4108	4917	5659	6147	6938	8656	6303	6224	5575	3975	2814	2511	4158	2954	2354	2352	1955	1580	1344	1196	819	1070	1240	1131	938	1107	947	959	937	904	755	524	617	475	501	406	362	344	367	423	592	1111	1516	1982	2454	3298	3871	4228	5997	6323	5970	6675	5989	5898	5280	4605	3942	3619	2058	2165	1482	1046	905	2055	5139	9215	10015	16708	11228	6601	5092	4075	5233	611	464	292	224	228	265	375	493	616	515	1079	1305	0	3468	2089	0
NC	North Carolina	2	30	255	818	1530	1900	1989	2405	3000	3073	3752	4569	5413	6985	8574	8714	9727	11043	12713	14002	13633	12953	11147	9793	10869	11488	10318	8250	9321	9508	9112	12866	13973	14567	16343	16610	17873	23143	25697	30594	41224	42492	41662	44507	55918	53471	44890	39911	38894	27203	21372	18452	13628	10539	12548	10265	10631	13247	14287	13239	12820	10746	8840	6416	5400	3515	3029	2415	2230	2016	3076	5441	9053	16147	23061	36277	37480	44402	48097	42107	50992	38251	31474	24845	21819	16529	14104	12139	12148	13078	9199	20466	21725	22785	18324	79289	129713	194922	201450	162114	95376	55492	34059	23611	14610	10589	8261	7441	6201	3501	5234	8409	11605	14071	18479	23993	29137	27795	26785	24464	0
ND	North Dakota	0	1	27	66	113	101	276	283	324	297	407	445	238	283	219	207	205	322	518	680	851	778	938	988	1276	1823	1919	1948	2368	2749	2804	3692	4678	5976	7449	9476	9752	9094	6140	4556	3105	2098	1360	1552	1575	1332	949	807	682	664	678	530	583	595	667	943	1057	1105	1006	951	1000	773	620	491	333	265	232	135	103	74	124	153	229	439	663	983	1462	2031	2715	2988	3239	3679	4305	4157	3532	3329	3598	3428	3321	3394	2765	3420	2441	2258	2023	3333	7779	13180	16055	12027	7040	4056	2048	1121	719	479	290	223	208	263	251	379	441	655	782	882	1014	1191	1144	1028	303
NE	Nebraska	1	17	21	58	225	378	550	1470	2598	2776	2127	1786	1942	1667	1068	1067	1068	1052	1171	1483	1914	1996	1854	1996	1539	1973	2052	2315	2677	2799	3807	4484	5445	5883	7517	11663	14439	16195	12294	13245	9120	7727	5922	6925	7358	5290	5944	3716	2851	3606	1724	1969	1933	1811	1782	1872	3452	2440	2287	2283	1452	1315	988	549	420	254	234	194	240	456	489	690	978	1611	2619	1330	5093	5006	4822	5760	4707	4688	4604	4471	4144	3282	5790	4516	6824	6461	2791	8577	7931	5435	3780	7176	22064	23594	29141	22302	10435	4868	1940	968	22625	650	354	42	649	321	435	701	808	816	5264	3104	425	2354	3240	2681	1330
NH	New Hampshire	2	5	54	126	353	345	520	455	632	582	545	533	403	527	280	219	199	155	152	164	227	199	204	162	114	152	178	228	268	201	476	495	533	613	846	1130	1998	2882	3048	5225	5752	5243	4769	5483	5757	5234	4390	3660	2605	2496	2405	2005	1529	1624	1997	2429	2703	2998	2833	2263	1621	1338	1062	681	455	178	191	186	149	152	153	199	245	505	1005	1239	1670	1954	2188	2398	3211	3132	3309	3445	3839	3743	651	6883	5302	6187	4898	9863	8882	8600	6931	8680	15905	21326	21897	14697	8808	6891	5506	4032	1484	786	942	836	764	1214	1656	2117	2454	3306	3403	3754	3928	2237	1709	1366	601
NJ	New Jersey	4	65	1258	9797	23000	24027	23269	24078	18237	13729	7769	8150	6539	4392	2827	2381	2219	2391	2200	2191	2366	3477	2675	3299	2178	2272	2749	2933	3334	4056	5385	6035	7104	10451	13261	18648	26492	31734	31891	37664	39252	35313	35640	34478	38048	42839	35447	35007	25292	25984	20556	22592	23123	24457	28101	29495	31253	26707	25601	20493	11620	8964	2935	3297	2102	1806	1412	1931	1642	1433	1675	2715	4613	6237	8700	11607	13196	13624	14294	14885	15660	14770	12089	11962	10248	8321	8993	8841	10162	13661	14978	23888	30369	38771	91384	166888	218519	163894	79440	49109	21585	14859	11350	10084	8329	7117	6785	6664	8438	11057	14453	14906	18461	23947	32588	34421	33301	26054	23298	18679	6673
NM	New Mexico	0	13	42	153	298	585	707	862	1072	1046	1069	778	999	1176	821	809	1189	1444	1710	1963	2052	2008	1319	1187	1000	876	870	613	851	1180	1604	2426	3621	4697	5450	7181	9500	16269	14542	12874	11502	10572	8296	8153	9575	7939	5686	4960	3675	3075	2186	2413	1854	1425	1393	1327	1265	1216	1500	1353	1512	1600	1317	1218	953	651	572	654	592	425	537	937	1298	1929	3377	4776	5227	5713	5881	4496	4834	4068	5027	5128	4812	5136	6318	7533	9336	9859	6154	12429	9258	7012	5859	7394	19070	29826	38995	32579	19188	10815	6807	3460	2528	1853	1007	1035	745	990	892	1185	1311	1611	2197	3199	4531	4762	6238	6747	3057
NV	Nevada	2	18	141	465	1116	980	924	913	884	782	693	713	991	974	1506	1979	3363	5236	5263	7639	7339	7258	6345	5189	4461	3392	2641	2118	2199	2936	3353	3691	4253	5160	5949	7985	10260	12727	17496	16399	18321	17909	13795	13218	17438	13781	9623	7636	6042	4445	2835	2817	2472	3105	1886	1967	1998	2788	2531	2605	2598	2542	2559	1813	1396	1644	1748	1735	2739	3149	3309	5024	5947	7358	7173	7552	7574	7859	8036	7306	8203	6392	5833	4078	4258	4233	3318	5425	4105	4427	2807	4977	4428	4568	5070	10618	24831	39726	67460	33583	17123	8111	4023	4042	3959	2708	16412	1148	1158	1208	1140	1230	1937	2428	3183	4364	6187	7182	6744	9129	0
NY	New York	76	481	9853	41990	69305	70557	52107	43529	29276	19628	14177	11910	9584	7593	5038	4498	4659	4793	4823	5503	4937	4582	4278	4125	4241	4213	5256	5016	5627	5918	8734	10090	9810	11525	14029	18457	31703	35759	45483	61520	69545	73550	76236	87651	107619	109583	94445	85386	61603	61239	53895	50605	50953	47683	44358	62788	56279	51863	43307	33758	24993	18031	13570	10622	6810	4320	3575	2606	2186	2424	3526	5843	9626	15229	22690	28388	31615	29810	34749	33973	34826	35807	33800	34502	32364	27946	25768	28737	36766	43628	44748	59117	68702	96127	167569	415674	539437	403723	214490	115555	54379	36545	24353	15738	12793	11464	14947	16136	25598	30379	40879	44484	49526	60934	51081	82662	51635	52439	39611	38087	15597
OH	Ohio	0	26	221	1159	2333	2511	3972	5365	3748	4362	3777	3934	3625	3078	2740	3410	5194	6728	8031	9607	9363	8903	7882	7705	6491	7155	8465	6783	6979	6462	7957	9492	12767	15581	19891	30030	44516	53043	63417	60729	86029	60968	50239	50005	56304	50530	38334	32940	25298	19462	14765	13848	11582	10562	10521	11784	13408	13589	14499	11334	10586	8796	7461	6341	4940	2823	2416	1940	1810	1743	1747	2772	4801	7668	11640	16865	21010	29140	39705	46525	48615	42972	40551	35632	32228	25144	23607	24923	33026	38210	34426	52173	50770	63062	71490	105104	154044	187851	138253	74778	37034	22791	13083	8705	6504	4380	2512	3668	3103	3828	4808	6890	8731	11013	15970	19536	19546	17530	18247	16169	0
OK	Oklahoma	1	3	49	324	784	707	597	729	657	639	747	723	458	641	1014	1965	2608	3002	4131	5278	5024	7650	5349	4718	4801	4754	5834	5472	7145	7706	7238	7873	7847	9217	7077	8989	18454	20719	22900	19421	20098	22598	20739	19663	28934	26868	18606	16556	15283	10611	6097	5545	4792	3533	2579	2559	2241	3552	2058	1687	1755	1343	1199	983	947	775	842	1141	1375	1573	2199	3925	6569	9459	13348	14851	15542	18036	18438	16462	14762	12317	10826	7563	9092	7085	5021	4231	4522	5869	3620	8200	9634	5852	8304	14728	28655	73796	82524	69742	31891	11300	6441	6202	4982	2179	2984	1814	1810	2875	1596	1686	1567	1655	2231	2348	1772	4570	4739	3495	1994
OR	Oregon	6	30	101	342	420	472	473	409	382	525	452	276	297	385	807	1373	1344	1836	1921	2298	2343	2325	2193	2008	1692	1583	1563	1300	1443	1982	1930	2413	2391	2424	3182	4666	6431	7650	8838	10737	9596	8975	6512	8022	8128	7936	5188	4816	4325	3293	2677	2604	1764	2323	1918	2382	2778	3605	4416	5429	5667	5207	4375	3177	2649	1990	1871	1715	1418	1038	1193	1768	2871	4886	7144	11564	14514	15424	15472	12952	13016	11149	10719	9404	7653	8760	7527	7084	6037	5888	3423	7084	5619	5104	5273	10698	38437	53691	57501	49760	33691	20157	11453	6308	4456	2645	1836	1552	1765	2172	2899	4760	6965	8101	9418	10891	11082	9390	10934	10153	4272
PA	Pennsylvania	2	45	352	2446	7347	11846	9633	9789	9535	7467	6582	5515	4556	3770	3337	2798	3802	4543	5269	5623	6514	6274	5193	5824	4701	4448	5913	5318	5868	5757	7255	8564	9992	11970	15603	20271	32659	43551	49216	60513	70190	67409	55591	52115	56854	48527	38117	39213	26768	25720	19199	18448	17542	17541	20664	25451	30415	30238	35220	27633	23410	18405	13127	9981	6881	4352	3175	2026	1404	1227	1360	2329	3667	6245	10198	13089	17491	21831	25073	27863	32936	32595	31944	36694	31928	28846	27310	28650	34041	40158	40991	51317	56291	53677	64621	111964	180936	184907	134711	89080	47995	29269	20357	12978	7303	6303	5117	4193	4181	5917	8131	10109	13235	8808	21316	27317	29664	24862	22564	20281	0
PR	Puerto Rico	0	0	21	79	352	336	330	226	94	60	79	116	69	62	110	71	71	215	618	1026	1581	1501	2030	2496	2213	1704	1257	1355	2209	2357	2640	1754	1735	2779	3066	3352	4282	4662	5147	3951	6191	5488	5232	5489	4698	3893	3550	3333	1949	1958	1522	1209	1283	1475	1419	1672	3514	4790	7504	6758	4119	2693	1384	1108	816	425	360	349	243	275	477	960	2238	2895	4703	6093	6198	5600	4422	2876	2187	1644	1074	1233	978	732	668	795	880	871	576	776	711	3736	32162	47008	74434	60383	31259	16642	8280	4883	3162	1892	1449	1195	1566	1879	2396	4236	5106	21622	24707	30742	29813	34450	30467	25173	24593	21282	8791
RI	Rhode Island	3	19	46	173	567	1543	2142	2638	2160	1700	1445	1518	867	622	506	390	324	330	321	481	431	798	716	597	687	661	560	662	715	691	895	1218	1397	2427	2756	3506	5149	6472	5953	8183	8681	6994	4254	5883	9665	6829	5292	4703	3453	2930	2324	2477	2499	2381	2537	2736	2480	2842	3052	2175	1862	1391	829	873	485	249	221	170	131	129	105	242	476	892	1486	1764	2121	1991	2041	2107	2600	3511	2019	1851	1835	1593	1407	1674	2178	3130	2174	6297	6417	7478	8475	13868	34970	36043	25000	14298	6494	3943	2201	1464	1274	1019	1262	1108	1336	1864	2508	2366	3383	4268	5374	5812	4192	3298	2614	2095	886
SC	South Carolina	2	20	155	486	1257	1294	1037	1012	1236	1042	1130	1234	1499	2144	4417	5801	8183	11447	11313	12913	12396	10591	8861	6422	5413	5954	7040	5689	7262	8033	5618	5730	6593	6127	7271	8130	9272	11004	9893	14324	19563	21739	18355	23826	37366	32338	31367	25996	23196	20159	18137	13795	9385	8092	7841	7724	7160	6499	6485	5968	5330	4440	4114	2535	2267	1036	857	643	696	1117	1657	2885	5030	10315	17162	22003	25346	32606	38113	31674	35152	22396	18769	13644	9969	7090	6080	5177	4616	4679	4082	6038	7355	7130	8367	30746	72932	104873	112585	89406	51817	24134	18570	9433	3776	2281	612	1376	1025	1566	891	1496	2181	6146	4630	5753	8034	9205	9456	10348	10621
SD	South Dakota	0	9	6	54	144	414	916	605	441	805	566	505	496	407	466	392	401	402	426	408	443	562	610	641	1017	1807	1947	1548	2007	2689	2853	3961	4664	5530	7851	7984	10206	8032	6885	6205	5103	3929	2627	2866	3072	2377	1685	1107	1062	1073	960	1128	1085	1115	1230	1358	1280	1344	1351	930	674	573	411	267	251	99	82	54	103	96	60	112	196	265	374	1150	1548	2479	3079	2917	3184	2844	2674	2346	2176	2312	2174	2513	2348	3032	1917	3979	2977	2407	2022	3527	10207	13726	13519	8727	4857	2485	2236	826	489	326	243	110	154	137	124	165	277	373	450	475	594	653	969	972	0
TN	Tennessee	1	31	272	1207	1837	1817	1669	2535	3444	1959	2529	2591	2775	3412	3618	4559	5369	10196	10937	15330	15302	15300	12527	11290	10699	9433	10872	7867	11370	9080	8322	13097	13763	17839	14548	19114	26959	28981	27219	33734	48737	65624	46898	44706	43881	33803	23860	18482	17252	13419	8023	9925	8304	8724	8667	7756	8266	7712	11092	7411	6694	5586	4655	3495	2515	1924	1520	1351	1270	1807	2829	4527	8540	15365	22402	30477	41683	41814	49349	65757	37992	26369	21561	16092	12412	9530	7117	6809	8229	9477	7293	12882	12557	13898	27507	65471	93602	113004	117598	96069	71633	34804	21995	11548	6732	3256	2105	1713	1693	1975	2172	2801	3595	4834	6526	8992	10474	11275	13059	12669	6590
TX	Texas	8	52	522	1873	2936	4463	3875	4821	6996	7249	7423	5992	6565	16922	14311	24181	37134	44374	61936	60489	57893	54124	69458	77361	41939	36252	25309	25867	35783	31764	29198	22619	27449	37683	47461	42770	60772	79861	95761	98244	98065	124437	129512	163138	161305	159009	131401	120181	127641	76344	30490	56592	43656	31890	27424	26486	22145	24287	23563	23278	23775	16981	15545	12075	12002	9285	14433	8141	8847	10030	12373	20714	35576	62984	93601	99501	121940	107094	131087	121606	116754	79565	68888	53321	42985	30500	29041	21561	22941	23289	16866	31448	31731	36203	80106	142538	371815	424635	433584	295501	198757	109990	65521	36814	26520	31965	18744	37227	19762	33866	13809	23263	17549	21015	24092	26798	29595	46946	47582	48073	24426
UT	Utah	1	9	108	484	826	779	710	1031	1037	1118	965	1192	1273	2265	2183	3087	3560	3914	4313	4477	4291	3079	3049	2570	2493	2592	2866	2975	5605	6695	6678	8419	8653	9820	11539	15579	20906	22838	18108	20757	18977	17149	15108	17576	22069	18529	12637	10541	8270	6884	5450	4736	3668	3545	3271	2919	2824	2763	2749	2641	2583	2387	2205	1921	1605	1568	1945	1997	2307	2442	2866	3643	3799	6049	6012	5906	7270	8220	9554	10550	11006	9713	9511	9981	8957	9748	10987	10722	10903	11422	9201	9822	8729	7016	6006	13289	45044	68298	75655	49262	23016	12633	7322	3734	2292	1271	923	854	626	699	740	1197	1695	3226	3385	4504	5611	5728	7502	6522	0
VA	Virginia	0	37	120	583	1667	2670	2976	4313	5372	5458	6487	6066	7862	5786	4472	3574	3804	3862	4673	6591	7236	7192	8388	6561	6322	6737	6918	7141	6787	5753	5395	7102	7333	7134	8818	9683	9926	14880	17938	17556	27442	24357	26605	29178	34960	35676	39264	33566	23955	21248	14388	12502	10223	9025	10183	10229	9907	10444	10503	8498	7227	5558	3793	2889	2372	1421	1085	924	1465	1076	1529	2066	3801	6084	10280	13162	16253	20573	23515	23660	25370	22840	19463	18831	14779	11817	10016	8771	9295	10623	10279	12860	17470	19321	35946	69182	102518	130381	100296	73890	46419	30655	20008	13825	9281	7421	6498	5372	4668	6095	7422	8001	10190	14020	17710	22102	22523	19887	20114	17777	8722
VI	Virgin Islands	0	0	6	16	18	11	2	2	11	2	1	0	0	2	1	1	8	30	56	116	69	69	107	206	226	158	49	44	46	60	10	4	10	11	30	14	44	57	47	95	158	130	58	62	102	109	89	80	45	58	55	67	89	32	85	55	24	40	57	52	58	98	57	41	134	149	99	78	76	72	117	153	189	254	331	335	310	169	252	224	208	173	180	139	124	60	70	86	54	95	51	40	68	42	367	2099	2435	980	877	404	222	158	101	112	31	130	22	33	45	108	118	209	258	818	870	817	678	551	328	214	44
VT	Vermont	0	5	44	162	250	250	92	40	43	35	14	20	23	69	79	23	53	38	45	55	58	25	33	55	44	52	42	30	33	29	39	79	69	117	136	168	496	703	487	861	732	717	623	723	1101	1125	993	923	935	795	798	739	866	734	857	1068	1282	1060	904	610	553	413	402	237	116	52	68	40	32	27	38	93	126	213	431	720	884	911	1049	1050	1427	1429	1291	1378	1610	1504	1350	1985	2582	2406	1224	4075	3122	2930	2018	4182	11974	11683	9890	5555	3141	2279	1710	1344	1084	841	920	981	951	1191	1622	1921	2308	2257	2372	1383	1606	1216	993	746	0
WA	Washington	102	540	1190	2237	3217	3187	1342	1543	1684	1671	1614	977	2084	2418	2058	2851	3090	4136	4770	6284	5713	5547	4973	4392	3890	3414	3094	2759	2884	3897	3771	4249	4566	4964	5739	9413	13170	14538	19302	15850	25636	13883	14119	10033	24843	14375	14228	11399	8549	7901	5747	5979	4759	4893	5357	6333	7288	7827	9319	9763	9397	9271	8685	4829	8355	4208	4109	3037	3201	2079	2620	4964	6168	6841	15564	18654	21159	22535	24502	22242	23020	19744	20414	17085	17021	15495	14924	12263	12779	11641	6033	12684	9577	9917	13412	35334	81996	110385	110570	142662	73266	42833	62	8452	12737	7679	7309	6004	5037	10795	7489	8784	14784	12169	22365	22526	20695	18003	19139	17590	0
WI	Wisconsin	0	27	255	773	975	1183	986	1488	1973	2279	2248	2690	3353	2341	1947	2021	2747	3769	4624	5806	6385	6132	5931	5123	4953	4791	5500	7303	11959	14083	17153	16762	18626	38953	32730	39634	46101	48615	32780	32919	28073	24688	15343	17630	24482	18141	13728	10994	9019	6635	5138	5097	4389	3770	3924	4694	4927	6311	6048	5112	5148	4633	3585	2839	1737	1147	925	598	579	607	745	1222	2251	5121	8047	9612	9743	12753	13882	12737	17900	21938	20377	20870	20150	12305	14945	17190	21574	24494	22576	29397	26406	30097	29251	37221	65403	111546	148595	57213	31984	18147	10830	6079	4121	3078	2654	2502	2953	4437	4735	6504	9157	12486	16278	15443	14784	13672	12613	10766	5548
WV	West Virginia	0	0	12	84	186	295	208	225	175	142	147	235	284	147	138	226	282	423	941	748	881	963	825	899	723	785	1323	1235	1361	1278	1314	1446	1878	1911	2744	3149	5183	6806	6247	7727	8579	9064	8962	9150	10451	8346	6628	5588	3850	3092	2082	2216	1710	1859	2329	2838	2790	2648	2763	2551	2430	2503	2229	1505	1552	945	707	443	422	345	316	468	769	1314	2146	2835	5536	8760	10191	11561	13468	11913	10245	8396	7518	6294	5992	5262	5272	6097	2407	8918	6725	7338	5145	9127	27710	27086	30673	28575	19640	12866	7106	6541	3917	2599	1534	821	634	550	476	906	1408	1726	2598	3723	4702	4108	4000	3025	2351
WY	Wyoming	0	2	21	59	105	74	48	182	88	74	88	72	85	41	111	129	213	214	233	269	338	323	246	220	316	260	195	307	484	684	900	1090	1361	1989	2493	3299	5284	5529	4518	4013	2966	2581	1658	1427	2146	2349	1515	1121	914	468	597	667	414	399	418	465	401	426	394	429	446	481	456	582	483	484	486	376	461	494	521	557	728	876	1326	1819	2399	2796	3739	3437	3315	3908	3303	3134	2834	3037	2752	2392	2165	1835	946	1548	1050	722	658	1396	4219	6611	8901	9157	5316	2739	1501	827	517	318	163	149	111	114	0	134	158	195	286	378	452	611	1435	2253	1180
