"","Collection.date","Lineage names","n","freq"
"1",2022-05-26,"BA.2.12.1",84,76.36
"2",2022-05-25,"BA.2.12.1",59,74.68
"3",2022-05-28,"BA.2.12.1",57,74.03
"4",2022-05-20,"BA.2.12.1",75,73.53
"5",2022-06-04,"BA.2.12.1",51,72.86
"6",2022-05-24,"BA.2.12.1",85,72.65
"7",2022-05-22,"BA.2.12.1",84,71.79
"8",2022-05-23,"BA.2.12.1",89,71.77
"9",2022-05-29,"BA.2.12.1",33,71.74
"10",2022-05-18,"BA.2.12.1",72,70.59
"11",2022-06-09,"BA.2.12.1",78,69.64
"12",2022-05-27,"BA.2.12.1",73,68.22
"13",2022-06-16,"BA.2.12.1",23,67.65
"14",2022-06-08,"BA.2.12.1",94,67.63
"15",2022-06-07,"BA.2.12.1",72,67.29
"16",2022-05-30,"BA.2.12.1",6,66.67
"17",2022-06-13,"BA.2.12.1",54,66.67
"18",2022-06-01,"BA.2.12.1",61,66.3
"19",2022-05-17,"BA.2.12.1",84,66.14
"20",2022-06-05,"BA.2.12.1",33,64.71
"21",2022-06-12,"BA.2.12.1",31,64.58
"22",2022-05-21,"BA.2.12.1",60,64.52
"23",2022-05-31,"BA.2.12.1",117,64.29
"24",2022-04-17,"BA.2",14,63.64
"25",2022-06-03,"BA.2.12.1",45,63.38
"26",2022-05-13,"BA.2.12.1",96,63.16
"27",2022-05-19,"BA.2.12.1",59,62.77
"28",2022-06-06,"BA.2.12.1",40,62.5
"29",2022-05-16,"BA.2.12.1",91,62.33
"30",2022-06-14,"BA.2.12.1",29,61.7
"31",2022-05-08,"BA.2.12.1",66,61.11
"32",2022-05-12,"BA.2.12.1",119,60.41
"33",2022-05-10,"BA.2.12.1",90,58.82
"34",2022-06-02,"BA.2.12.1",51,58.62
"35",2022-05-15,"BA.2.12.1",56,58.33
"36",2022-05-11,"BA.2.12.1",74,58.27
"37",2022-05-07,"BA.2.12.1",62,57.94
"38",2022-05-14,"BA.2.12.1",47,57.32
"39",2022-06-11,"BA.2.12.1",24,57.14
"40",2022-06-19,"BA.2.12.1",16,57.14
"41",2022-06-20,"BA.2.12.1",38,56.72
"42",2022-06-18,"BA.2.12.1",26,56.52
"43",2022-05-05,"BA.2.12.1",97,54.8
"44",2022-05-01,"BA.2.12.1",37,53.62
"45",2022-05-09,"BA.2.12.1",84,53.16
"46",2022-05-04,"BA.2.12.1",85,52.47
"47",2022-06-15,"BA.2.12.1",35,52.24
"48",2022-04-15,"BA.2",80,51.28
"49",2022-05-06,"BA.2.12.1",68,50.75
"50",2022-04-13,"BA.2",59,50
"51",2022-05-02,"BA.2.12.1",74,49.33
"52",2022-06-17,"BA.2.12.1",22,48.89
"53",2022-04-24,"BA.2",54,48.21
"54",2022-06-10,"BA.2.12.1",40,48.19
"55",2022-04-20,"BA.2",45,47.87
"56",2022-04-16,"BA.2",39,47.56
"57",2022-04-25,"BA.2.12.1",66,47.48
"58",2022-04-18,"BA.2",61,46.56
"59",2022-05-03,"BA.2.12.1",72,46.45
"60",2022-04-14,"BA.2",51,45.95
"61",2022-04-26,"BA.2",57,44.88
"62",2022-04-27,"BA.2.12.1",57,44.88
"63",2022-04-19,"BA.2",52,44.07
"64",2022-06-23,"BA.2.12.1",28,43.08
"65",2022-06-25,"BA.2.12.1",28,43.08
"66",2022-04-28,"BA.2",51,42.5
"67",2022-04-29,"BA.2",49,42.24
"68",2022-04-27,"BA.2",53,41.73
"69",2022-04-21,"BA.2",30,41.67
"70",2022-04-29,"BA.2.12.1",47,40.52
"71",2022-04-30,"BA.2.12.1",52,40.31
"72",2022-04-22,"BA.2.12.1",41,40.2
"73",2022-04-23,"BA.2",45,40.18
"74",2022-06-21,"BA.2.12.1",18,40
"75",2022-04-22,"BA.2",40,39.22
"76",2022-06-27,"BA.2.12.1",27,36.99
"77",2022-04-21,"BA.2.12.1",26,36.11
"78",2022-05-02,"BA.2",52,34.67
"79",2022-05-09,"BA.2",54,34.18
"80",2022-05-07,"BA.2",36,33.64
"81",2022-04-28,"BA.2.12.1",40,33.33
"82",2022-05-15,"BA.2",32,33.33
"83",2022-04-30,"BA.2",42,32.56
"84",2022-06-24,"BA.2.12.1",26,32.5
"85",2022-06-22,"BA.2.12.1",22,32.35
"86",2022-05-03,"BA.2",50,32.26
"87",2022-04-23,"BA.2.12.1",36,32.14
"88",2022-05-10,"BA.2",47,30.72
"89",2022-05-14,"BA.2",25,30.49
"90",2022-04-26,"BA.2.12.1",38,29.92
"91",2022-05-06,"BA.2",40,29.85
"92",2022-04-19,"BA.2.12.1",35,29.66
"93",2022-05-04,"BA.2",48,29.63
"94",2022-05-05,"BA.2",52,29.38
"95",2022-05-01,"BA.2",20,28.99
"96",2022-04-24,"BA.2.12.1",32,28.57
"97",2022-04-25,"BA.2",39,28.06
"98",2022-05-08,"BA.2",30,27.78
"99",2022-04-20,"BA.2.12.1",26,27.66
"100",2022-04-18,"BA.2.12.1",36,27.48
"101",2022-05-12,"BA.2",53,26.9
"102",2022-05-13,"BA.2",40,26.32
"103",2022-04-14,"BA.2.12.1",28,25.23
"104",2022-05-11,"BA.2",31,24.41
"105",2022-06-26,"BA.5.2.1",12,23.53
"106",2022-04-16,"BA.2.12.1",19,23.17
"107",2022-05-16,"BA.2",33,22.6
"108",2022-04-15,"BA.2.12.1",35,22.44
"109",2022-06-28,"BA.5.1",8,22.22
"110",2022-06-26,"BA.2.12.1",11,21.57
"111",2022-05-18,"BA.2",21,20.59
"112",2022-05-21,"BA.2",19,20.43
"113",2022-05-17,"BA.2",25,19.69
"114",2022-06-28,"BA.2.12.1",7,19.44
"115",2022-05-23,"BA.2",24,19.35
"116",2022-06-14,"BA.5",9,19.15
"117",2022-06-03,"BA.2",13,18.31
"118",2022-04-17,"BA.2.12.1",4,18.18
"119",2022-06-10,"BA.5",15,18.07
"120",2022-06-19,"BA.5.1",5,17.86
"121",2022-04-13,"BA.2.12.1",21,17.8
"122",2022-06-29,"BA.2",3,17.65
"123",2022-06-29,"BA.2.12.1",3,17.65
"124",2022-05-24,"BA.2",20,17.09
"125",2022-05-20,"BA.2",17,16.67
"126",2022-06-11,"BA.2",7,16.67
"127",2022-05-25,"BA.2",13,16.46
"128",2022-05-22,"BA.2",19,16.24
"129",2022-06-02,"BA.2",14,16.09
"130",2022-05-19,"BA.2",15,15.96
"131",2022-05-27,"BA.2",17,15.89
"132",2022-04-26,"BA.2.9",20,15.75
"133",2022-06-06,"BA.2",10,15.62
"134",2022-06-23,"BA.5.2.1",9,13.85
"135",2022-06-24,"BA.5",11,13.75
"136",2022-06-05,"BA.5",7,13.73
"137",2022-04-23,"BA.2.9",15,13.39
"138",2022-04-24,"BA.2.9",15,13.39
"139",2022-06-17,"BA.5.5",6,13.33
"140",2022-06-21,"BA.5.1",6,13.33
"141",2022-06-22,"BA.4.1",9,13.24
"142",2022-06-22,"BA.5.2.1",9,13.24
"143",2022-05-31,"BA.2",24,13.19
"144",2022-05-26,"BA.2",14,12.73
"145",2022-06-24,"BA.5.2.1",10,12.5
"146",2022-06-25,"BA.5.5",8,12.31
"147",2022-05-03,"BA.2.9",19,12.26
"148",2022-04-25,"BA.2.9",17,12.23
"149",2022-06-01,"BA.2",11,11.96
"150",2022-06-20,"BA.5",8,11.94
"151",2022-06-22,"BA.5.1",8,11.76
"152",2022-06-26,"BA.5.5",6,11.76
"153",2022-06-29,"BA.4",2,11.76
"154",2022-06-29,"BA.4.1",2,11.76
"155",2022-06-29,"BA.5.1",2,11.76
"156",2022-06-29,"BE.1",2,11.76
"157",2022-05-28,"BA.2",9,11.69
"158",2022-04-29,"BA.2.9",13,11.21
"159",2022-05-30,"BA.2.7",1,11.11
"160",2022-05-30,"BA.4",1,11.11
"161",2022-05-30,"Other",1,11.11
"162",2022-06-21,"BA.5.2.1",5,11.11
"163",2022-06-28,"BA.4",4,11.11
"164",2022-06-28,"BA.5",4,11.11
"165",2022-06-28,"BA.5.2",4,11.11
"166",2022-06-28,"BE.1",4,11.11
"167",2022-04-16,"BA.2.9",9,10.98
"168",2022-06-27,"BA.5.2.1",8,10.96
"169",2022-04-15,"BA.2.9",17,10.9
"170",2022-06-10,"BA.2.9",9,10.84
"171",2022-06-08,"BA.5",15,10.79
"172",2022-04-20,"BA.2.9",10,10.64
"173",2022-06-02,"BA.5",9,10.34
"174",2022-06-07,"BA.5",11,10.28
"175",2022-06-04,"BA.4",7,10
"176",2022-06-24,"BA.5.1",8,10
"177",2022-06-24,"BA.5.5",8,10
"178",2022-05-31,"BA.5",18,9.89
"179",2022-06-13,"BA.5",8,9.88
"180",2022-06-03,"BA.5",7,9.86
"181",2022-06-09,"BA.5",11,9.82
"182",2022-04-21,"BA.2.9",7,9.72
"183",2022-06-27,"BA.5.1",7,9.59
"184",2022-06-11,"BA.5.1",4,9.52
"185",2022-05-04,"BA.2.9",15,9.26
"186",2022-04-28,"BA.2.9",11,9.17
"187",2022-04-17,"BA.2.3",2,9.09
"188",2022-05-06,"BA.2.9",12,8.96
"189",2022-06-15,"BA.4",6,8.96
"190",2022-06-15,"BA.5",6,8.96
"191",2022-06-15,"BA.5.1",6,8.96
"192",2022-06-20,"BA.4",6,8.96
"193",2022-06-17,"BA.5",4,8.89
"194",2022-06-21,"BA.4",4,8.89
"195",2022-06-16,"BA.4",3,8.82
"196",2022-06-16,"BA.5.1",3,8.82
"197",2022-06-18,"BA.2",4,8.7
"198",2022-05-02,"BA.2.9",13,8.67
"199",2022-06-13,"BA.4",7,8.64
"200",2022-04-30,"BA.2.9",11,8.53
"201",2022-06-12,"BA.2",4,8.33
"202",2022-06-12,"BA.5",4,8.33
"203",2022-06-28,"BA.5.2.1",3,8.33
"204",2022-06-27,"BA.4.1",6,8.22
"205",2022-06-27,"BA.5",6,8.22
"206",2022-06-27,"BA.5.5",6,8.22
"207",2022-04-14,"BA.2.9",9,8.11
"208",2022-06-02,"BA.4",7,8.05
"209",2022-05-05,"BA.2.9",14,7.91
"210",2022-06-05,"BA.2",4,7.84
"211",2022-06-26,"Other",4,7.84
"212",2022-06-06,"BA.5",5,7.81
"213",2022-06-23,"BA.4",5,7.69
"214",2022-06-23,"BA.5.5",5,7.69
"215",2022-06-25,"BA.5",5,7.69
"216",2022-06-25,"BA.5.1",5,7.69
"217",2022-06-25,"BA.5.2",5,7.69
"218",2022-06-25,"BA.5.2.1",5,7.69
"219",2022-04-18,"BA.2.9",10,7.63
"220",2022-06-07,"BA.2",8,7.48
"221",2022-04-16,"BA.1.1",6,7.32
"222",2022-06-04,"BA.2",5,7.14
"223",2022-06-11,"BA.5",3,7.14
"224",2022-06-19,"BA.4",2,7.14
"225",2022-06-19,"BA.5",2,7.14
"226",2022-04-27,"BA.2.9",9,7.09
"227",2022-04-18,"BA.2.3",9,6.87
"228",2022-04-13,"BA.1.1",8,6.78
"229",2022-04-13,"BA.2.9",8,6.78
"230",2022-04-19,"BA.2.3",8,6.78
"231",2022-04-28,"BA.2.3",8,6.67
"232",2022-06-17,"BA.2",3,6.67
"233",2022-06-21,"BA.5.5",3,6.67
"234",2022-05-29,"BA.2",3,6.52
"235",2022-05-29,"BA.4",3,6.52
"236",2022-05-29,"BA.5",3,6.52
"237",2022-06-01,"BA.2.9",6,6.52
"238",2022-06-01,"BA.5",6,6.52
"239",2022-06-18,"BA.4.1",3,6.52
"240",2022-06-18,"BA.5.1",3,6.52
"241",2022-06-18,"BA.5.2.1",3,6.52
"242",2022-06-12,"BA.5.1",3,6.25
"243",2022-06-23,"BA.5",4,6.15
"244",2022-06-25,"BA.4.1",4,6.15
"245",2022-06-20,"BA.5.1",4,5.97
"246",2022-04-22,"BA.2.9",6,5.88
"247",2022-06-05,"BA.4",3,5.88
"248",2022-06-22,"BA.4",4,5.88
"249",2022-06-22,"BA.5.2",4,5.88
"250",2022-06-22,"BE.1",4,5.88
"251",2022-06-26,"BA.4",3,5.88
"252",2022-06-26,"BA.4.1",3,5.88
"253",2022-06-26,"BA.5",3,5.88
"254",2022-06-26,"BA.5.2",3,5.88
"255",2022-06-29,"BA.5",1,5.88
"256",2022-06-29,"BA.5.2",1,5.88
"257",2022-06-29,"Unassigned",1,5.88
"258",2022-05-01,"BA.2.9",4,5.8
"259",2022-06-08,"BA.2",8,5.76
"260",2022-06-04,"BA.5",4,5.71
"261",2022-06-27,"Other",4,5.48
"262",2022-04-14,"BA.1.1",6,5.41
"263",2022-04-14,"BA.2.3",6,5.41
"264",2022-05-19,"BA.2.3",5,5.32
"265",2022-05-19,"BA.2.9",5,5.32
"266",2022-05-28,"BA.5",4,5.19
"267",2022-04-13,"BA.2.3",6,5.08
"268",2022-04-19,"BA.1.1",6,5.08
"269",2022-05-12,"BA.2.9",10,5.08
"270",2022-05-09,"BA.2.9",8,5.06
"271",2022-06-13,"BA.2",4,4.94
"272",2022-04-22,"BA.2.7",5,4.9
"273",2022-04-16,"BA.2.3",4,4.88
"274",2022-06-10,"BA.2",4,4.82
"275",2022-06-10,"BA.5.1",4,4.82
"276",2022-05-16,"BA.2.9",7,4.79
"277",2022-05-17,"BA.2.8",6,4.72
"278",2022-06-07,"BA.4",5,4.67
"279",2022-06-23,"BA.4.1",3,4.62
"280",2022-06-23,"Other",3,4.62
"281",2022-04-17,"BA.1.1",1,4.55
"282",2022-04-17,"BA.2.26",1,4.55
"283",2022-04-15,"BA.1.1",7,4.49
"284",2022-05-06,"BA.2.3",6,4.48
"285",2022-06-15,"BA.2",3,4.48
"286",2022-06-15,"BA.5.5",3,4.48
"287",2022-06-20,"BA.5.2.1",3,4.48
"288",2022-06-09,"BA.5.1",5,4.46
"289",2022-06-17,"BA.2.18",2,4.44
"290",2022-06-17,"BA.4",2,4.44
"291",2022-06-17,"BA.4.1",2,4.44
"292",2022-06-17,"BA.5.2.1",2,4.44
"293",2022-06-21,"BA.2.18",2,4.44
"294",2022-06-21,"BA.2.9",2,4.44
"295",2022-06-21,"BA.5",2,4.44
"296",2022-06-21,"BA.5.2",2,4.44
"297",2022-06-22,"BA.5.5",3,4.41
"298",2022-05-31,"BA.4",8,4.4
"299",2022-05-01,"BA.2.7",3,4.35
"300",2022-06-18,"BA.5",2,4.35
"301",2022-06-08,"BA.5.1",6,4.32
"302",2022-04-20,"BA.2.3",4,4.26
"303",2022-05-19,"BA.5",4,4.26
"304",2022-06-14,"BA.4",2,4.26
"305",2022-06-14,"BA.4.1",2,4.26
"306",2022-04-13,"Other",5,4.24
"307",2022-04-19,"BA.2.7",5,4.24
"308",2022-06-03,"BA.4",3,4.23
"309",2022-04-21,"BA.2.3",3,4.17
"310",2022-05-15,"BA.2.9",4,4.17
"311",2022-06-12,"BA.2.3",2,4.17
"312",2022-06-12,"BA.4",2,4.17
"313",2022-06-27,"BA.4",3,4.11
"314",2022-06-27,"BA.5.2",3,4.11
"315",2022-06-27,"BE.1",3,4.11
"316",2022-05-11,"BA.2.9",5,3.94
"317",2022-05-11,"BA.4",5,3.94
"318",2022-05-17,"BA.2.9",5,3.94
"319",2022-05-20,"BA.4",4,3.92
"320",2022-06-05,"BA.2.9",2,3.92
"321",2022-06-26,"BA.5.1",2,3.92
"322",2022-06-26,"BE.1",2,3.92
"323",2022-05-28,"BA.5.1",3,3.9
"324",2022-04-30,"BA.2.3",5,3.88
"325",2022-05-03,"BA.2.7",6,3.87
"326",2022-04-18,"BA.1.1",5,3.82
"327",2022-05-25,"BA.2.3",3,3.8
"328",2022-06-24,"BA.4.1",3,3.75
"329",2022-06-24,"BA.5.2",3,3.75
"330",2022-06-24,"BE.1",3,3.75
"331",2022-05-07,"BA.2.9",4,3.74
"332",2022-05-27,"BA.4",4,3.74
"333",2022-05-08,"BA.2.9",4,3.7
"334",2022-04-14,"BA.2.7",4,3.6
"335",2022-04-25,"BA.2.3",5,3.6
"336",2022-04-24,"BA.2.3",4,3.57
"337",2022-06-09,"BA.2",4,3.57
"338",2022-06-09,"BA.4",4,3.57
"339",2022-06-09,"BA.5.5",4,3.57
"340",2022-06-19,"BA.4.1",1,3.57
"341",2022-06-19,"BA.5.2",1,3.57
"342",2022-06-19,"BA.5.2.1",1,3.57
"343",2022-05-31,"BA.2.9",6,3.3
"344",2022-05-13,"BA.2.3",5,3.29
"345",2022-05-13,"BA.2.9",5,3.29
"346",2022-05-21,"BA.2.9",3,3.23
"347",2022-05-21,"BA.4",3,3.23
"348",2022-05-21,"BA.5",3,3.23
"349",2022-04-15,"BA.2.10",5,3.21
"350",2022-04-20,"BA.1.1",3,3.19
"351",2022-04-20,"BA.2.10",3,3.19
"352",2022-05-09,"BA.2.7",5,3.16
"353",2022-06-06,"BA.2.18",2,3.12
"354",2022-06-06,"BA.2.40.1",2,3.12
"355",2022-06-06,"BA.4",2,3.12
"356",2022-04-30,"BA.2.26",4,3.1
"357",2022-06-23,"BA.5.1",2,3.08
"358",2022-06-23,"BA.5.2",2,3.08
"359",2022-06-23,"BE.1",2,3.08
"360",2022-06-25,"BA.2.18",2,3.08
"361",2022-06-15,"BA.2.9",2,2.99
"362",2022-06-15,"Other",2,2.99
"363",2022-06-20,"BA.2",2,2.99
"364",2022-06-20,"BA.5.5",2,2.99
"365",2022-06-20,"BE.1",2,2.99
"366",2022-04-22,"BA.1.1",3,2.94
"367",2022-04-22,"BA.2.3",3,2.94
"368",2022-06-16,"BA.2",1,2.94
"369",2022-06-16,"BA.2.3",1,2.94
"370",2022-06-16,"BA.5.2.1",1,2.94
"371",2022-06-16,"BA.5.5",1,2.94
"372",2022-06-16,"Other",1,2.94
"373",2022-06-22,"BA.2.3",2,2.94
"374",2022-06-22,"BA.5",2,2.94
"375",2022-05-01,"BA.2.10",2,2.9
"376",2022-05-01,"BA.2.26",2,2.9
"377",2022-04-25,"BA.2.26",4,2.88
"378",2022-06-04,"BA.2.9",2,2.86
"379",2022-05-05,"BA.2.3",5,2.82
"380",2022-05-27,"BA.5",3,2.8
"381",2022-06-07,"BA.2.3",3,2.8
"382",2022-06-07,"BA.5.1",3,2.8
"383",2022-04-21,"BA.1.1",2,2.78
"384",2022-06-28,"BA.2.18",1,2.78
"385",2022-06-28,"BA.5.5",1,2.78
"386",2022-05-16,"BA.2.3",4,2.74
"387",2022-05-26,"BA.2.12",3,2.73
"388",2022-05-26,"BA.5",3,2.73
"389",2022-04-14,"BA.2.10",3,2.7
"390",2022-04-23,"BA.1.1",3,2.68
"391",2022-04-23,"BA.2.3",3,2.68
"392",2022-04-15,"BA.2.7",4,2.56
"393",2022-05-22,"BA.2.21",3,2.56
"394",2022-05-22,"BA.2.9",3,2.56
"395",2022-05-22,"BA.5",3,2.56
"396",2022-05-24,"BA.2.3",3,2.56
"397",2022-05-24,"BA.5",3,2.56
"398",2022-04-13,"BA.2.12",3,2.54
"399",2022-04-19,"BA.2.9",3,2.54
"400",2022-04-28,"BA.2.21",3,2.5
"401",2022-04-28,"BA.2.7",3,2.5
"402",2022-06-24,"BA.2",2,2.5
"403",2022-06-24,"BA.4",2,2.5
"404",2022-06-24,"Other",2,2.5
"405",2022-06-13,"BA.5.1",2,2.47
"406",2022-06-13,"BE.1",2,2.47
"407",2022-05-14,"BA.2.7",2,2.44
"408",2022-05-14,"BA.2.9",2,2.44
"409",2022-05-14,"BA.5",2,2.44
"410",2022-05-23,"BA.2.9",3,2.42
"411",2022-06-10,"BA.2.23",2,2.41
"412",2022-06-10,"BA.2.8",2,2.41
"413",2022-06-10,"BA.5.2.1",2,2.41
"414",2022-06-10,"BA.5.5",2,2.41
"415",2022-06-11,"BA.2.36",1,2.38
"416",2022-06-11,"BA.5.2.1",1,2.38
"417",2022-06-11,"Other",1,2.38
"418",2022-06-11,"Unassigned",1,2.38
"419",2022-04-26,"BA.2.7",3,2.36
"420",2022-04-27,"Other",3,2.36
"421",2022-04-30,"BA.2.13",3,2.33
"422",2022-06-02,"BA.2.1",2,2.3
"423",2022-06-02,"BA.2.9",2,2.3
"424",2022-04-18,"BA.2.10",3,2.29
"425",2022-06-17,"BA.2.9",1,2.22
"426",2022-06-17,"Other",1,2.22
"427",2022-06-21,"BA.2.13",1,2.22
"428",2022-05-29,"BA.2.20",1,2.17
"429",2022-05-29,"BA.2.21",1,2.17
"430",2022-05-29,"BA.2.3",1,2.17
"431",2022-05-29,"BA.2.7",1,2.17
"432",2022-06-01,"BA.4",2,2.17
"433",2022-06-01,"Other",2,2.17
"434",2022-06-18,"BA.4",1,2.17
"435",2022-06-18,"BA.5.2",1,2.17
"436",2022-06-18,"BA.5.5",1,2.17
"437",2022-06-18,"BE.1",1,2.17
"438",2022-06-18,"Other",1,2.17
"439",2022-04-25,"BA.2.7",3,2.16
"440",2022-06-08,"BA.2.9",3,2.16
"441",2022-05-21,"BA.2.18",2,2.15
"442",2022-05-21,"BA.2.3",2,2.15
"443",2022-06-14,"BA.2",1,2.13
"444",2022-06-14,"BA.2.9",1,2.13
"445",2022-06-14,"BA.5.1",1,2.13
"446",2022-06-14,"BA.5.2.1",1,2.13
"447",2022-06-14,"Other",1,2.13
"448",2022-06-12,"BA.4.1",1,2.08
"449",2022-06-12,"Unassigned",1,2.08
"450",2022-05-16,"BA.2.8",3,2.05
"451",2022-05-12,"BA.2.7",4,2.03
"452",2022-05-02,"BA.2.3",3,2
"453",2022-05-02,"BA.2.7",3,2
"454",2022-04-22,"BA.2.10",2,1.96
"455",2022-04-22,"Other",2,1.96
"456",2022-05-10,"BA.2.3",3,1.96
"457",2022-05-18,"BA.2.23.1",2,1.96
"458",2022-05-18,"BA.2.9",2,1.96
"459",2022-05-20,"BA.2.36",2,1.96
"460",2022-06-05,"BA.2.13",1,1.96
"461",2022-06-05,"BA.5.1",1,1.96
"462",2022-06-26,"BA.2",1,1.96
"463",2022-06-26,"BA.2.18",1,1.96
"464",2022-05-03,"BA.2.3",3,1.94
"465",2022-04-15,"BA.2.3",3,1.92
"466",2022-05-07,"BA.2.21",2,1.87
"467",2022-05-27,"BA.2.3",2,1.87
"468",2022-06-07,"BA.2.9",2,1.87
"469",2022-05-04,"BA.2.3",3,1.85
"470",2022-05-08,"BA.4",2,1.85
"471",2022-05-26,"BA.2.3",2,1.82
"472",2022-05-26,"BA.4",2,1.82
"473",2022-04-23,"BA.2.10",2,1.79
"474",2022-04-23,"BA.2.12",2,1.79
"475",2022-04-23,"BA.2.7",2,1.79
"476",2022-04-24,"BA.1.1",2,1.79
"477",2022-06-09,"BA.4.1",2,1.79
"478",2022-06-09,"BA.5.2.1",2,1.79
"479",2022-04-29,"BA.2.3",2,1.72
"480",2022-05-24,"BA.2.8",2,1.71
"481",2022-05-24,"BA.4",2,1.71
"482",2022-04-13,"BA.2.10",2,1.69
"483",2022-04-13,"BA.2.26",2,1.69
"484",2022-04-19,"BA.2.12",2,1.69
"485",2022-04-19,"BA.2.26",2,1.69
"486",2022-04-19,"Other",2,1.69
"487",2022-05-05,"BA.2.7",3,1.69
"488",2022-04-28,"BA.2.8",2,1.67
"489",2022-05-31,"BA.2.18",3,1.65
"490",2022-05-23,"BA.4",2,1.61
"491",2022-05-23,"BA.5",2,1.61
"492",2022-04-26,"BA.2.23.1",2,1.57
"493",2022-05-11,"BA.2.3",2,1.57
"494",2022-05-11,"BA.2.7",2,1.57
"495",2022-05-11,"Other",2,1.57
"496",2022-05-17,"BA.2.3",2,1.57
"497",2022-05-17,"BA.5",2,1.57
"498",2022-06-06,"BA.2.3",1,1.56
"499",2022-06-06,"BA.2.9",1,1.56
"500",2022-06-06,"BA.5.1",1,1.56
"501",2022-04-30,"BA.1.1",2,1.55
"502",2022-04-30,"BA.2.10",2,1.55
"503",2022-04-30,"BA.2.12",2,1.55
"504",2022-06-23,"BA.2",1,1.54
"505",2022-06-23,"BA.2.13",1,1.54
"506",2022-06-25,"BA.2.3",1,1.54
"507",2022-06-25,"BA.4",1,1.54
"508",2022-06-25,"Other",1,1.54
"509",2022-04-18,"BA.2.26",2,1.53
"510",2022-04-18,"BA.2.7",2,1.53
"511",2022-04-18,"Other",2,1.53
"512",2022-05-06,"BA.2.12",2,1.49
"513",2022-05-06,"BA.2.7",2,1.49
"514",2022-06-15,"BA.2.18",1,1.49
"515",2022-06-15,"BA.4.1",1,1.49
"516",2022-06-15,"BA.5.2.1",1,1.49
"517",2022-06-15,"BE.1",1,1.49
"518",2022-06-20,"BA.5.2",1,1.49
"519",2022-06-20,"Unassigned",1,1.49
"520",2022-06-22,"BA.2",1,1.47
"521",2022-05-01,"BA.4",1,1.45
"522",2022-06-08,"BA.2.3",2,1.44
"523",2022-06-08,"BA.2.37",2,1.44
"524",2022-06-08,"BA.4",2,1.44
"525",2022-06-08,"BA.5.2.1",2,1.44
"526",2022-06-08,"BE.1",2,1.44
"527",2022-06-04,"BA.2.13",1,1.43
"528",2022-06-03,"BA.2.3",1,1.41
"529",2022-06-03,"BA.5.1",1,1.41
"530",2022-06-03,"Other",1,1.41
"531",2022-04-21,"BA.2.10",1,1.39
"532",2022-04-21,"BA.2.12",1,1.39
"533",2022-04-21,"BA.2.21",1,1.39
"534",2022-04-21,"BA.2.8",1,1.39
"535",2022-05-16,"BA.2.41",2,1.37
"536",2022-05-16,"BA.4",2,1.37
"537",2022-05-13,"BA.2.13",2,1.32
"538",2022-05-13,"BA.2.7",2,1.32
"539",2022-05-10,"BA.2.23",2,1.31
"540",2022-05-10,"BA.2.7",2,1.31
"541",2022-05-10,"BA.4",2,1.31
"542",2022-05-28,"BA.2.13",1,1.3
"543",2022-05-28,"BA.2.7",1,1.3
"544",2022-05-28,"BA.2.8",1,1.3
"545",2022-05-28,"BA.4",1,1.3
"546",2022-05-03,"BA.1.1",2,1.29
"547",2022-05-03,"Other",2,1.29
"548",2022-04-15,"Other",2,1.28
"549",2022-05-09,"BA.2.3",2,1.27
"550",2022-05-25,"BA.2.37",1,1.27
"551",2022-05-25,"BA.2.7",1,1.27
"552",2022-05-25,"BA.4",1,1.27
"553",2022-05-25,"Other",1,1.27
"554",2022-06-24,"BA.2.13",1,1.25
"555",2022-06-24,"BA.2.18",1,1.25
"556",2022-05-04,"BA.1.1",2,1.23
"557",2022-05-04,"BA.2.10",2,1.23
"558",2022-05-04,"BA.2.21",2,1.23
"559",2022-05-04,"BA.2.26",2,1.23
"560",2022-06-13,"BA.2.18",1,1.23
"561",2022-06-13,"BA.2.3",1,1.23
"562",2022-06-13,"BA.4.1",1,1.23
"563",2022-06-13,"Unassigned",1,1.23
"564",2022-04-16,"BA.2.10",1,1.22
"565",2022-04-16,"BA.2.13",1,1.22
"566",2022-04-16,"BA.2.23.1",1,1.22
"567",2022-04-16,"BA.2.37",1,1.22
"568",2022-04-16,"BA.2.7",1,1.22
"569",2022-05-14,"BA.2.12",1,1.22
"570",2022-05-14,"BA.2.18",1,1.22
"571",2022-05-14,"BA.2.23.1",1,1.22
"572",2022-05-14,"BA.5.1",1,1.22
"573",2022-06-10,"BA.2.13",1,1.2
"574",2022-06-10,"BA.4",1,1.2
"575",2022-06-10,"Other",1,1.2
"576",2022-06-02,"BA.2.10",1,1.15
"577",2022-06-02,"Other",1,1.15
"578",2022-05-05,"Other",2,1.13
"579",2022-06-01,"BA.2.1",1,1.09
"580",2022-06-01,"BA.2.18",1,1.09
"581",2022-06-01,"BA.2.20",1,1.09
"582",2022-06-01,"BA.2.3",1,1.09
"583",2022-05-21,"BA.2.23.1",1,1.08
"584",2022-04-20,"BA.2.12",1,1.06
"585",2022-04-20,"BA.2.13",1,1.06
"586",2022-04-20,"Other",1,1.06
"587",2022-05-19,"BA.2.10",1,1.06
"588",2022-05-19,"BA.2.21",1,1.06
"589",2022-05-19,"BA.2.23",1,1.06
"590",2022-05-19,"BA.2.8",1,1.06
"591",2022-05-19,"BA.4",1,1.06
"592",2022-05-19,"BA.5.1",1,1.06
"593",2022-05-15,"BA.2.10",1,1.04
"594",2022-05-15,"BA.2.23.1",1,1.04
"595",2022-05-15,"BA.5",1,1.04
"596",2022-05-15,"Other",1,1.04
"597",2022-05-12,"BA.1.1",2,1.02
"598",2022-05-12,"BA.5",2,1.02
"599",2022-05-18,"BA.2.26",1,0.98
"600",2022-05-18,"BA.2.3",1,0.98
"601",2022-05-18,"BA.2.36",1,0.98
"602",2022-05-18,"BA.2.41",1,0.98
"603",2022-05-18,"BA.4",1,0.98
"604",2022-05-20,"BA.2.26",1,0.98
"605",2022-05-20,"BA.2.3",1,0.98
"606",2022-05-20,"BA.5",1,0.98
"607",2022-05-20,"BA.5.1",1,0.98
"608",2022-05-07,"BA.2.1",1,0.93
"609",2022-05-07,"BA.2.20",1,0.93
"610",2022-05-07,"BA.2.37",1,0.93
"611",2022-05-08,"BA.1.1",1,0.93
"612",2022-05-08,"BA.2.1",1,0.93
"613",2022-05-08,"BA.2.21",1,0.93
"614",2022-05-08,"BA.2.26",1,0.93
"615",2022-05-08,"BA.2.3",1,0.93
"616",2022-05-08,"Unassigned",1,0.93
"617",2022-05-27,"BA.2.10",1,0.93
"618",2022-05-27,"BA.2.13",1,0.93
"619",2022-05-27,"BA.2.18",1,0.93
"620",2022-05-27,"BA.2.41",1,0.93
"621",2022-05-27,"BA.2.7",1,0.93
"622",2022-05-27,"BA.2.9",1,0.93
"623",2022-05-27,"BA.5.1",1,0.93
"624",2022-05-27,"Other",1,0.93
"625",2022-06-07,"BA.1.1",1,0.93
"626",2022-06-07,"BA.2.1",1,0.93
"627",2022-06-07,"Other",1,0.93
"628",2022-05-26,"BA.2.41",1,0.91
"629",2022-05-26,"BA.2.7",1,0.91
"630",2022-04-14,"BA.2.20",1,0.9
"631",2022-04-14,"BA.2.21",1,0.9
"632",2022-04-14,"BA.2.8",1,0.9
"633",2022-04-14,"Other",1,0.9
"634",2022-04-23,"BA.2.21",1,0.89
"635",2022-04-23,"BA.2.26",1,0.89
"636",2022-04-23,"BA.2.40.1",1,0.89
"637",2022-04-23,"Other",1,0.89
"638",2022-04-24,"BA.2.10",1,0.89
"639",2022-04-24,"BA.2.12",1,0.89
"640",2022-04-24,"BA.2.21",1,0.89
"641",2022-04-24,"BA.2.7",1,0.89
"642",2022-04-24,"Unassigned",1,0.89
"643",2022-06-09,"BA.2.20",1,0.89
"644",2022-06-09,"Unassigned",1,0.89
"645",2022-04-29,"BA.1.1",1,0.86
"646",2022-04-29,"BA.2.1",1,0.86
"647",2022-04-29,"BA.2.12",1,0.86
"648",2022-04-29,"BA.2.20",1,0.86
"649",2022-04-29,"Other",1,0.86
"650",2022-04-13,"BA.2.20",1,0.85
"651",2022-04-13,"BA.2.23",1,0.85
"652",2022-04-13,"BA.2.7",1,0.85
"653",2022-04-13,"BA.2.8",1,0.85
"654",2022-04-19,"BA.2.1",1,0.85
"655",2022-04-19,"BA.2.40.1",1,0.85
"656",2022-04-19,"BA.2.8",1,0.85
"657",2022-05-22,"BA.2.10",1,0.85
"658",2022-05-22,"BA.2.13",1,0.85
"659",2022-05-22,"BA.2.3",1,0.85
"660",2022-05-22,"BA.2.7",1,0.85
"661",2022-05-22,"BA.4",1,0.85
"662",2022-05-24,"BA.2.12",1,0.85
"663",2022-05-24,"BA.5.1",1,0.85
"664",2022-04-28,"BA.2.23.1",1,0.83
"665",2022-04-28,"BA.5.1",1,0.83
"666",2022-05-23,"BA.2.1",1,0.81
"667",2022-05-23,"BA.2.12",1,0.81
"668",2022-05-23,"BA.2.13",1,0.81
"669",2022-05-23,"BA.2.3",1,0.81
"670",2022-04-26,"BA.2.1",1,0.79
"671",2022-04-26,"BA.2.10",1,0.79
"672",2022-04-26,"BA.2.12",1,0.79
"673",2022-04-26,"BA.2.3",1,0.79
"674",2022-04-26,"BA.2.8",1,0.79
"675",2022-04-26,"BA.4",1,0.79
"676",2022-04-26,"Other",1,0.79
"677",2022-04-27,"BA.2.10",1,0.79
"678",2022-04-27,"BA.2.26",1,0.79
"679",2022-04-27,"BA.2.3",1,0.79
"680",2022-04-27,"BA.2.7",1,0.79
"681",2022-04-27,"BA.4",1,0.79
"682",2022-05-11,"BA.2.10",1,0.79
"683",2022-05-11,"BA.2.18",1,0.79
"684",2022-05-11,"BA.2.21",1,0.79
"685",2022-05-11,"BA.2.23",1,0.79
"686",2022-05-11,"BA.2.23.1",1,0.79
"687",2022-05-11,"BA.2.40.1",1,0.79
"688",2022-05-17,"BA.1.1",1,0.79
"689",2022-05-17,"BA.2.37",1,0.79
"690",2022-05-17,"Other",1,0.79
"691",2022-04-30,"BA.2.1",1,0.78
"692",2022-04-30,"BA.2.21",1,0.78
"693",2022-04-30,"BA.2.23.1",1,0.78
"694",2022-04-30,"BA.2.41",1,0.78
"695",2022-04-30,"BA.2.7",1,0.78
"696",2022-04-30,"Other",1,0.78
"697",2022-04-18,"BA.2.20",1,0.76
"698",2022-05-06,"BA.2.21",1,0.75
"699",2022-05-06,"BA.2.26",1,0.75
"700",2022-05-06,"BA.2.36",1,0.75
"701",2022-05-06,"BA.4",1,0.75
"702",2022-04-25,"BA.1.1",1,0.72
"703",2022-04-25,"BA.2.10",1,0.72
"704",2022-04-25,"BA.2.12",1,0.72
"705",2022-04-25,"BA.2.23.1",1,0.72
"706",2022-04-25,"BA.2.40.1",1,0.72
"707",2022-06-08,"BA.2.13",1,0.72
"708",2022-06-08,"BA.5.2",1,0.72
"709",2022-06-08,"Other",1,0.72
"710",2022-05-16,"BA.1.1",1,0.68
"711",2022-05-16,"BA.2.21",1,0.68
"712",2022-05-16,"BA.2.7",1,0.68
"713",2022-05-16,"BA.5",1,0.68
"714",2022-05-02,"BA.1.1",1,0.67
"715",2022-05-02,"BA.2.12",1,0.67
"716",2022-05-02,"BA.2.13",1,0.67
"717",2022-05-02,"BA.2.23",1,0.67
"718",2022-05-02,"BA.2.26",1,0.67
"719",2022-05-13,"BA.2.18",1,0.66
"720",2022-05-13,"Other",1,0.66
"721",2022-05-03,"BA.2.13",1,0.65
"722",2022-05-10,"BA.2.18",1,0.65
"723",2022-05-10,"BA.2.20",1,0.65
"724",2022-05-10,"BA.2.23.1",1,0.65
"725",2022-05-10,"BA.2.26",1,0.65
"726",2022-05-10,"BA.2.9",1,0.65
"727",2022-05-10,"BA.5",1,0.65
"728",2022-05-10,"Unassigned",1,0.65
"729",2022-04-15,"BA.2.1",1,0.64
"730",2022-04-15,"BA.2.12",1,0.64
"731",2022-04-15,"BA.2.26",1,0.64
"732",2022-05-09,"BA.2.10",1,0.63
"733",2022-05-09,"BA.2.12",1,0.63
"734",2022-05-09,"BA.2.13",1,0.63
"735",2022-05-09,"BA.2.20",1,0.63
"736",2022-05-09,"BA.2.26",1,0.63
"737",2022-05-04,"BA.2.40.1",1,0.62
"738",2022-05-04,"BA.2.7",1,0.62
"739",2022-05-04,"BA.4",1,0.62
"740",2022-05-05,"BA.1.1",1,0.56
"741",2022-05-05,"BA.2.21",1,0.56
"742",2022-05-05,"BA.2.26",1,0.56
"743",2022-05-05,"BA.2.40.1",1,0.56
"744",2022-05-31,"BA.2.1",1,0.55
"745",2022-05-31,"BA.2.13",1,0.55
"746",2022-05-31,"BA.2.20",1,0.55
"747",2022-05-31,"BA.2.21",1,0.55
"748",2022-05-31,"BA.2.36",1,0.55
"749",2022-05-31,"BA.5.1",1,0.55
"750",2022-05-12,"BA.2.10",1,0.51
"751",2022-05-12,"BA.2.13",1,0.51
"752",2022-05-12,"BA.2.23",1,0.51
"753",2022-05-12,"BA.2.26",1,0.51
"754",2022-05-12,"BA.2.3",1,0.51
"755",2022-05-12,"BA.2.36",1,0.51
"756",2022-05-12,"BA.5.1",1,0.51
"757",2022-04-13,"BA.2.1",0,0
"758",2022-04-13,"BA.2.13",0,0
"759",2022-04-13,"BA.2.21",0,0
"760",2022-04-13,"BA.2.23.1",0,0
"761",2022-04-13,"BA.2.37",0,0
"762",2022-04-14,"BA.2.1",0,0
"763",2022-04-14,"BA.2.12",0,0
"764",2022-04-14,"BA.2.13",0,0
"765",2022-04-14,"BA.2.23",0,0
"766",2022-04-14,"BA.2.23.1",0,0
"767",2022-04-14,"BA.2.26",0,0
"768",2022-04-14,"BA.2.37",0,0
"769",2022-04-15,"BA.2.13",0,0
"770",2022-04-15,"BA.2.20",0,0
"771",2022-04-15,"BA.2.21",0,0
"772",2022-04-15,"BA.2.23",0,0
"773",2022-04-15,"BA.2.23.1",0,0
"774",2022-04-15,"BA.2.37",0,0
"775",2022-04-15,"BA.2.8",0,0
"776",2022-04-16,"BA.2.1",0,0
"777",2022-04-16,"BA.2.12",0,0
"778",2022-04-16,"BA.2.20",0,0
"779",2022-04-16,"BA.2.21",0,0
"780",2022-04-16,"BA.2.23",0,0
"781",2022-04-16,"BA.2.26",0,0
"782",2022-04-16,"BA.2.8",0,0
"783",2022-04-16,"Other",0,0
"784",2022-04-17,"BA.2.1",0,0
"785",2022-04-17,"BA.2.10",0,0
"786",2022-04-17,"BA.2.12",0,0
"787",2022-04-17,"BA.2.13",0,0
"788",2022-04-17,"BA.2.20",0,0
"789",2022-04-17,"BA.2.21",0,0
"790",2022-04-17,"BA.2.23",0,0
"791",2022-04-17,"BA.2.23.1",0,0
"792",2022-04-17,"BA.2.37",0,0
"793",2022-04-17,"BA.2.7",0,0
"794",2022-04-17,"BA.2.8",0,0
"795",2022-04-17,"BA.2.9",0,0
"796",2022-04-17,"Other",0,0
"797",2022-04-18,"BA.2.1",0,0
"798",2022-04-18,"BA.2.12",0,0
"799",2022-04-18,"BA.2.13",0,0
"800",2022-04-18,"BA.2.21",0,0
"801",2022-04-18,"BA.2.40.1",0,0
"802",2022-04-18,"BA.2.8",0,0
"803",2022-04-18,"Unassigned",0,0
"804",2022-04-19,"BA.2.10",0,0
"805",2022-04-19,"BA.2.13",0,0
"806",2022-04-19,"BA.2.20",0,0
"807",2022-04-19,"BA.2.21",0,0
"808",2022-04-19,"Unassigned",0,0
"809",2022-04-20,"BA.2.1",0,0
"810",2022-04-20,"BA.2.20",0,0
"811",2022-04-20,"BA.2.21",0,0
"812",2022-04-20,"BA.2.26",0,0
"813",2022-04-20,"BA.2.40.1",0,0
"814",2022-04-20,"BA.2.7",0,0
"815",2022-04-20,"BA.2.8",0,0
"816",2022-04-20,"Unassigned",0,0
"817",2022-04-21,"BA.2.1",0,0
"818",2022-04-21,"BA.2.13",0,0
"819",2022-04-21,"BA.2.20",0,0
"820",2022-04-21,"BA.2.26",0,0
"821",2022-04-21,"BA.2.40.1",0,0
"822",2022-04-21,"BA.2.7",0,0
"823",2022-04-21,"Other",0,0
"824",2022-04-21,"Unassigned",0,0
"825",2022-04-22,"BA.2.1",0,0
"826",2022-04-22,"BA.2.12",0,0
"827",2022-04-22,"BA.2.13",0,0
"828",2022-04-22,"BA.2.20",0,0
"829",2022-04-22,"BA.2.21",0,0
"830",2022-04-22,"BA.2.26",0,0
"831",2022-04-22,"BA.2.40.1",0,0
"832",2022-04-22,"BA.2.8",0,0
"833",2022-04-22,"Unassigned",0,0
"834",2022-04-23,"BA.2.1",0,0
"835",2022-04-23,"BA.2.13",0,0
"836",2022-04-23,"BA.2.20",0,0
"837",2022-04-23,"BA.2.8",0,0
"838",2022-04-23,"Unassigned",0,0
"839",2022-04-24,"BA.2.1",0,0
"840",2022-04-24,"BA.2.13",0,0
"841",2022-04-24,"BA.2.20",0,0
"842",2022-04-24,"BA.2.26",0,0
"843",2022-04-24,"BA.2.40.1",0,0
"844",2022-04-24,"BA.2.8",0,0
"845",2022-04-24,"Other",0,0
"846",2022-04-25,"BA.2.1",0,0
"847",2022-04-25,"BA.2.13",0,0
"848",2022-04-25,"BA.2.20",0,0
"849",2022-04-25,"BA.2.21",0,0
"850",2022-04-25,"BA.2.41",0,0
"851",2022-04-25,"BA.2.8",0,0
"852",2022-04-25,"BA.4",0,0
"853",2022-04-25,"BA.5.1",0,0
"854",2022-04-25,"Other",0,0
"855",2022-04-26,"BA.1.1",0,0
"856",2022-04-26,"BA.2.13",0,0
"857",2022-04-26,"BA.2.20",0,0
"858",2022-04-26,"BA.2.21",0,0
"859",2022-04-26,"BA.2.26",0,0
"860",2022-04-26,"BA.2.40.1",0,0
"861",2022-04-26,"BA.2.41",0,0
"862",2022-04-26,"BA.5.1",0,0
"863",2022-04-27,"BA.1.1",0,0
"864",2022-04-27,"BA.2.1",0,0
"865",2022-04-27,"BA.2.12",0,0
"866",2022-04-27,"BA.2.13",0,0
"867",2022-04-27,"BA.2.20",0,0
"868",2022-04-27,"BA.2.21",0,0
"869",2022-04-27,"BA.2.23.1",0,0
"870",2022-04-27,"BA.2.40.1",0,0
"871",2022-04-27,"BA.2.41",0,0
"872",2022-04-27,"BA.2.8",0,0
"873",2022-04-27,"BA.5.1",0,0
"874",2022-04-28,"BA.1.1",0,0
"875",2022-04-28,"BA.2.1",0,0
"876",2022-04-28,"BA.2.10",0,0
"877",2022-04-28,"BA.2.12",0,0
"878",2022-04-28,"BA.2.13",0,0
"879",2022-04-28,"BA.2.20",0,0
"880",2022-04-28,"BA.2.26",0,0
"881",2022-04-28,"BA.2.40.1",0,0
"882",2022-04-28,"BA.2.41",0,0
"883",2022-04-28,"BA.4",0,0
"884",2022-04-28,"Other",0,0
"885",2022-04-29,"BA.2.10",0,0
"886",2022-04-29,"BA.2.13",0,0
"887",2022-04-29,"BA.2.21",0,0
"888",2022-04-29,"BA.2.23.1",0,0
"889",2022-04-29,"BA.2.26",0,0
"890",2022-04-29,"BA.2.40.1",0,0
"891",2022-04-29,"BA.2.41",0,0
"892",2022-04-29,"BA.2.7",0,0
"893",2022-04-29,"BA.2.8",0,0
"894",2022-04-29,"BA.4",0,0
"895",2022-04-29,"BA.5.1",0,0
"896",2022-04-30,"BA.2.20",0,0
"897",2022-04-30,"BA.2.40.1",0,0
"898",2022-04-30,"BA.2.8",0,0
"899",2022-04-30,"BA.4",0,0
"900",2022-04-30,"BA.5.1",0,0
"901",2022-05-01,"BA.1.1",0,0
"902",2022-05-01,"BA.2.1",0,0
"903",2022-05-01,"BA.2.12",0,0
"904",2022-05-01,"BA.2.13",0,0
"905",2022-05-01,"BA.2.20",0,0
"906",2022-05-01,"BA.2.21",0,0
"907",2022-05-01,"BA.2.23.1",0,0
"908",2022-05-01,"BA.2.3",0,0
"909",2022-05-01,"BA.2.40.1",0,0
"910",2022-05-01,"BA.2.41",0,0
"911",2022-05-01,"BA.2.8",0,0
"912",2022-05-01,"BA.5.1",0,0
"913",2022-05-01,"Other",0,0
"914",2022-05-02,"BA.2.1",0,0
"915",2022-05-02,"BA.2.10",0,0
"916",2022-05-02,"BA.2.20",0,0
"917",2022-05-02,"BA.2.21",0,0
"918",2022-05-02,"BA.2.36",0,0
"919",2022-05-02,"BA.2.37",0,0
"920",2022-05-02,"BA.2.40.1",0,0
"921",2022-05-02,"BA.4",0,0
"922",2022-05-02,"Other",0,0
"923",2022-05-02,"Unassigned",0,0
"924",2022-05-03,"BA.2.1",0,0
"925",2022-05-03,"BA.2.10",0,0
"926",2022-05-03,"BA.2.12",0,0
"927",2022-05-03,"BA.2.20",0,0
"928",2022-05-03,"BA.2.21",0,0
"929",2022-05-03,"BA.2.23",0,0
"930",2022-05-03,"BA.2.26",0,0
"931",2022-05-03,"BA.2.36",0,0
"932",2022-05-03,"BA.2.37",0,0
"933",2022-05-03,"BA.2.40.1",0,0
"934",2022-05-03,"BA.4",0,0
"935",2022-05-03,"Unassigned",0,0
"936",2022-05-04,"BA.2.1",0,0
"937",2022-05-04,"BA.2.12",0,0
"938",2022-05-04,"BA.2.13",0,0
"939",2022-05-04,"BA.2.20",0,0
"940",2022-05-04,"BA.2.23",0,0
"941",2022-05-04,"BA.2.36",0,0
"942",2022-05-04,"BA.2.37",0,0
"943",2022-05-04,"Other",0,0
"944",2022-05-04,"Unassigned",0,0
"945",2022-05-05,"BA.2.1",0,0
"946",2022-05-05,"BA.2.10",0,0
"947",2022-05-05,"BA.2.12",0,0
"948",2022-05-05,"BA.2.13",0,0
"949",2022-05-05,"BA.2.20",0,0
"950",2022-05-05,"BA.2.23",0,0
"951",2022-05-05,"BA.2.36",0,0
"952",2022-05-05,"BA.2.37",0,0
"953",2022-05-05,"BA.4",0,0
"954",2022-05-05,"Unassigned",0,0
"955",2022-05-06,"BA.1.1",0,0
"956",2022-05-06,"BA.2.1",0,0
"957",2022-05-06,"BA.2.10",0,0
"958",2022-05-06,"BA.2.13",0,0
"959",2022-05-06,"BA.2.20",0,0
"960",2022-05-06,"BA.2.23",0,0
"961",2022-05-06,"BA.2.37",0,0
"962",2022-05-06,"BA.2.40.1",0,0
"963",2022-05-06,"Other",0,0
"964",2022-05-06,"Unassigned",0,0
"965",2022-05-07,"BA.1.1",0,0
"966",2022-05-07,"BA.2.10",0,0
"967",2022-05-07,"BA.2.12",0,0
"968",2022-05-07,"BA.2.13",0,0
"969",2022-05-07,"BA.2.23",0,0
"970",2022-05-07,"BA.2.26",0,0
"971",2022-05-07,"BA.2.3",0,0
"972",2022-05-07,"BA.2.36",0,0
"973",2022-05-07,"BA.2.40.1",0,0
"974",2022-05-07,"BA.2.7",0,0
"975",2022-05-07,"BA.4",0,0
"976",2022-05-07,"Other",0,0
"977",2022-05-07,"Unassigned",0,0
"978",2022-05-08,"BA.2.10",0,0
"979",2022-05-08,"BA.2.12",0,0
"980",2022-05-08,"BA.2.13",0,0
"981",2022-05-08,"BA.2.20",0,0
"982",2022-05-08,"BA.2.23",0,0
"983",2022-05-08,"BA.2.36",0,0
"984",2022-05-08,"BA.2.37",0,0
"985",2022-05-08,"BA.2.40.1",0,0
"986",2022-05-08,"BA.2.7",0,0
"987",2022-05-08,"Other",0,0
"988",2022-05-09,"BA.1.1",0,0
"989",2022-05-09,"BA.2.18",0,0
"990",2022-05-09,"BA.2.21",0,0
"991",2022-05-09,"BA.2.23",0,0
"992",2022-05-09,"BA.2.23.1",0,0
"993",2022-05-09,"BA.2.36",0,0
"994",2022-05-09,"BA.2.40.1",0,0
"995",2022-05-09,"BA.4",0,0
"996",2022-05-09,"BA.5",0,0
"997",2022-05-09,"BA.5.1",0,0
"998",2022-05-09,"Other",0,0
"999",2022-05-09,"Unassigned",0,0
"1000",2022-05-10,"BA.1.1",0,0
"1001",2022-05-10,"BA.2.10",0,0
"1002",2022-05-10,"BA.2.12",0,0
"1003",2022-05-10,"BA.2.13",0,0
"1004",2022-05-10,"BA.2.21",0,0
"1005",2022-05-10,"BA.2.36",0,0
"1006",2022-05-10,"BA.2.40.1",0,0
"1007",2022-05-10,"BA.5.1",0,0
"1008",2022-05-10,"Other",0,0
"1009",2022-05-11,"BA.1.1",0,0
"1010",2022-05-11,"BA.2.12",0,0
"1011",2022-05-11,"BA.2.13",0,0
"1012",2022-05-11,"BA.2.20",0,0
"1013",2022-05-11,"BA.2.26",0,0
"1014",2022-05-11,"BA.2.36",0,0
"1015",2022-05-11,"BA.5",0,0
"1016",2022-05-11,"BA.5.1",0,0
"1017",2022-05-11,"Unassigned",0,0
"1018",2022-05-12,"BA.2.12",0,0
"1019",2022-05-12,"BA.2.18",0,0
"1020",2022-05-12,"BA.2.20",0,0
"1021",2022-05-12,"BA.2.21",0,0
"1022",2022-05-12,"BA.2.23.1",0,0
"1023",2022-05-12,"BA.2.40.1",0,0
"1024",2022-05-12,"BA.4",0,0
"1025",2022-05-12,"Other",0,0
"1026",2022-05-12,"Unassigned",0,0
"1027",2022-05-13,"BA.1.1",0,0
"1028",2022-05-13,"BA.2.10",0,0
"1029",2022-05-13,"BA.2.12",0,0
"1030",2022-05-13,"BA.2.20",0,0
"1031",2022-05-13,"BA.2.21",0,0
"1032",2022-05-13,"BA.2.23",0,0
"1033",2022-05-13,"BA.2.23.1",0,0
"1034",2022-05-13,"BA.2.26",0,0
"1035",2022-05-13,"BA.2.36",0,0
"1036",2022-05-13,"BA.2.40.1",0,0
"1037",2022-05-13,"BA.4",0,0
"1038",2022-05-13,"BA.5",0,0
"1039",2022-05-13,"BA.5.1",0,0
"1040",2022-05-13,"Unassigned",0,0
"1041",2022-05-14,"BA.1.1",0,0
"1042",2022-05-14,"BA.2.10",0,0
"1043",2022-05-14,"BA.2.13",0,0
"1044",2022-05-14,"BA.2.20",0,0
"1045",2022-05-14,"BA.2.21",0,0
"1046",2022-05-14,"BA.2.23",0,0
"1047",2022-05-14,"BA.2.26",0,0
"1048",2022-05-14,"BA.2.3",0,0
"1049",2022-05-14,"BA.2.36",0,0
"1050",2022-05-14,"BA.2.40.1",0,0
"1051",2022-05-14,"BA.4",0,0
"1052",2022-05-14,"Other",0,0
"1053",2022-05-14,"Unassigned",0,0
"1054",2022-05-15,"BA.1.1",0,0
"1055",2022-05-15,"BA.2.12",0,0
"1056",2022-05-15,"BA.2.13",0,0
"1057",2022-05-15,"BA.2.18",0,0
"1058",2022-05-15,"BA.2.20",0,0
"1059",2022-05-15,"BA.2.21",0,0
"1060",2022-05-15,"BA.2.23",0,0
"1061",2022-05-15,"BA.2.26",0,0
"1062",2022-05-15,"BA.2.3",0,0
"1063",2022-05-15,"BA.2.36",0,0
"1064",2022-05-15,"BA.2.40.1",0,0
"1065",2022-05-15,"BA.2.7",0,0
"1066",2022-05-15,"BA.4",0,0
"1067",2022-05-15,"BA.5.1",0,0
"1068",2022-05-15,"Unassigned",0,0
"1069",2022-05-16,"BA.2.10",0,0
"1070",2022-05-16,"BA.2.13",0,0
"1071",2022-05-16,"BA.2.18",0,0
"1072",2022-05-16,"BA.2.23",0,0
"1073",2022-05-16,"BA.2.23.1",0,0
"1074",2022-05-16,"BA.2.26",0,0
"1075",2022-05-16,"BA.2.36",0,0
"1076",2022-05-16,"BA.2.37",0,0
"1077",2022-05-16,"BA.5.1",0,0
"1078",2022-05-16,"Other",0,0
"1079",2022-05-17,"BA.2.10",0,0
"1080",2022-05-17,"BA.2.13",0,0
"1081",2022-05-17,"BA.2.18",0,0
"1082",2022-05-17,"BA.2.21",0,0
"1083",2022-05-17,"BA.2.23",0,0
"1084",2022-05-17,"BA.2.23.1",0,0
"1085",2022-05-17,"BA.2.26",0,0
"1086",2022-05-17,"BA.2.36",0,0
"1087",2022-05-17,"BA.2.41",0,0
"1088",2022-05-17,"BA.2.7",0,0
"1089",2022-05-17,"BA.4",0,0
"1090",2022-05-17,"BA.5.1",0,0
"1091",2022-05-18,"BA.1.1",0,0
"1092",2022-05-18,"BA.2.10",0,0
"1093",2022-05-18,"BA.2.13",0,0
"1094",2022-05-18,"BA.2.18",0,0
"1095",2022-05-18,"BA.2.21",0,0
"1096",2022-05-18,"BA.2.23",0,0
"1097",2022-05-18,"BA.2.37",0,0
"1098",2022-05-18,"BA.2.7",0,0
"1099",2022-05-18,"BA.2.8",0,0
"1100",2022-05-18,"BA.5",0,0
"1101",2022-05-18,"BA.5.1",0,0
"1102",2022-05-18,"Other",0,0
"1103",2022-05-19,"BA.1.1",0,0
"1104",2022-05-19,"BA.2.13",0,0
"1105",2022-05-19,"BA.2.18",0,0
"1106",2022-05-19,"BA.2.23.1",0,0
"1107",2022-05-19,"BA.2.26",0,0
"1108",2022-05-19,"BA.2.36",0,0
"1109",2022-05-19,"BA.2.37",0,0
"1110",2022-05-19,"BA.2.41",0,0
"1111",2022-05-19,"BA.2.7",0,0
"1112",2022-05-19,"Other",0,0
"1113",2022-05-20,"BA.1.1",0,0
"1114",2022-05-20,"BA.2.10",0,0
"1115",2022-05-20,"BA.2.13",0,0
"1116",2022-05-20,"BA.2.18",0,0
"1117",2022-05-20,"BA.2.21",0,0
"1118",2022-05-20,"BA.2.23",0,0
"1119",2022-05-20,"BA.2.23.1",0,0
"1120",2022-05-20,"BA.2.37",0,0
"1121",2022-05-20,"BA.2.41",0,0
"1122",2022-05-20,"BA.2.7",0,0
"1123",2022-05-20,"BA.2.8",0,0
"1124",2022-05-20,"BA.2.9",0,0
"1125",2022-05-20,"Other",0,0
"1126",2022-05-21,"BA.1.1",0,0
"1127",2022-05-21,"BA.2.10",0,0
"1128",2022-05-21,"BA.2.13",0,0
"1129",2022-05-21,"BA.2.21",0,0
"1130",2022-05-21,"BA.2.23",0,0
"1131",2022-05-21,"BA.2.26",0,0
"1132",2022-05-21,"BA.2.36",0,0
"1133",2022-05-21,"BA.2.37",0,0
"1134",2022-05-21,"BA.2.41",0,0
"1135",2022-05-21,"BA.2.7",0,0
"1136",2022-05-21,"BA.2.8",0,0
"1137",2022-05-21,"BA.5.1",0,0
"1138",2022-05-21,"Other",0,0
"1139",2022-05-22,"BA.1.1",0,0
"1140",2022-05-22,"BA.2.18",0,0
"1141",2022-05-22,"BA.2.23",0,0
"1142",2022-05-22,"BA.2.23.1",0,0
"1143",2022-05-22,"BA.2.26",0,0
"1144",2022-05-22,"BA.2.36",0,0
"1145",2022-05-22,"BA.2.37",0,0
"1146",2022-05-22,"BA.2.41",0,0
"1147",2022-05-22,"BA.2.8",0,0
"1148",2022-05-22,"BA.5.1",0,0
"1149",2022-05-22,"Other",0,0
"1150",2022-05-23,"BA.2.10",0,0
"1151",2022-05-23,"BA.2.18",0,0
"1152",2022-05-23,"BA.2.20",0,0
"1153",2022-05-23,"BA.2.21",0,0
"1154",2022-05-23,"BA.2.37",0,0
"1155",2022-05-23,"BA.2.41",0,0
"1156",2022-05-23,"BA.2.7",0,0
"1157",2022-05-23,"BA.2.8",0,0
"1158",2022-05-23,"BA.5.1",0,0
"1159",2022-05-23,"Other",0,0
"1160",2022-05-24,"BA.2.1",0,0
"1161",2022-05-24,"BA.2.10",0,0
"1162",2022-05-24,"BA.2.13",0,0
"1163",2022-05-24,"BA.2.18",0,0
"1164",2022-05-24,"BA.2.20",0,0
"1165",2022-05-24,"BA.2.21",0,0
"1166",2022-05-24,"BA.2.37",0,0
"1167",2022-05-24,"BA.2.41",0,0
"1168",2022-05-24,"BA.2.7",0,0
"1169",2022-05-24,"BA.2.9",0,0
"1170",2022-05-24,"Other",0,0
"1171",2022-05-25,"BA.2.1",0,0
"1172",2022-05-25,"BA.2.10",0,0
"1173",2022-05-25,"BA.2.12",0,0
"1174",2022-05-25,"BA.2.13",0,0
"1175",2022-05-25,"BA.2.18",0,0
"1176",2022-05-25,"BA.2.20",0,0
"1177",2022-05-25,"BA.2.21",0,0
"1178",2022-05-25,"BA.2.41",0,0
"1179",2022-05-25,"BA.2.8",0,0
"1180",2022-05-25,"BA.2.9",0,0
"1181",2022-05-25,"BA.5",0,0
"1182",2022-05-25,"BA.5.1",0,0
"1183",2022-05-26,"BA.2.1",0,0
"1184",2022-05-26,"BA.2.10",0,0
"1185",2022-05-26,"BA.2.13",0,0
"1186",2022-05-26,"BA.2.18",0,0
"1187",2022-05-26,"BA.2.20",0,0
"1188",2022-05-26,"BA.2.21",0,0
"1189",2022-05-26,"BA.2.37",0,0
"1190",2022-05-26,"BA.2.8",0,0
"1191",2022-05-26,"BA.2.9",0,0
"1192",2022-05-26,"BA.5.1",0,0
"1193",2022-05-26,"Other",0,0
"1194",2022-05-27,"BA.2.1",0,0
"1195",2022-05-27,"BA.2.12",0,0
"1196",2022-05-27,"BA.2.20",0,0
"1197",2022-05-27,"BA.2.21",0,0
"1198",2022-05-27,"BA.2.37",0,0
"1199",2022-05-27,"BA.2.8",0,0
"1200",2022-05-28,"BA.2.1",0,0
"1201",2022-05-28,"BA.2.10",0,0
"1202",2022-05-28,"BA.2.12",0,0
"1203",2022-05-28,"BA.2.18",0,0
"1204",2022-05-28,"BA.2.20",0,0
"1205",2022-05-28,"BA.2.21",0,0
"1206",2022-05-28,"BA.2.3",0,0
"1207",2022-05-28,"BA.2.37",0,0
"1208",2022-05-28,"BA.2.41",0,0
"1209",2022-05-28,"BA.2.9",0,0
"1210",2022-05-28,"Other",0,0
"1211",2022-05-29,"BA.2.1",0,0
"1212",2022-05-29,"BA.2.10",0,0
"1213",2022-05-29,"BA.2.12",0,0
"1214",2022-05-29,"BA.2.13",0,0
"1215",2022-05-29,"BA.2.18",0,0
"1216",2022-05-29,"BA.2.37",0,0
"1217",2022-05-29,"BA.2.41",0,0
"1218",2022-05-29,"BA.2.8",0,0
"1219",2022-05-29,"BA.2.9",0,0
"1220",2022-05-29,"BA.5.1",0,0
"1221",2022-05-29,"Other",0,0
"1222",2022-05-30,"BA.2",0,0
"1223",2022-05-30,"BA.2.1",0,0
"1224",2022-05-30,"BA.2.10",0,0
"1225",2022-05-30,"BA.2.13",0,0
"1226",2022-05-30,"BA.2.18",0,0
"1227",2022-05-30,"BA.2.20",0,0
"1228",2022-05-30,"BA.2.21",0,0
"1229",2022-05-30,"BA.2.3",0,0
"1230",2022-05-30,"BA.2.36",0,0
"1231",2022-05-30,"BA.2.9",0,0
"1232",2022-05-30,"BA.5",0,0
"1233",2022-05-30,"BA.5.1",0,0
"1234",2022-05-31,"BA.2.10",0,0
"1235",2022-05-31,"BA.2.3",0,0
"1236",2022-05-31,"BA.2.7",0,0
"1237",2022-05-31,"Other",0,0
"1238",2022-06-01,"BA.2.10",0,0
"1239",2022-06-01,"BA.2.13",0,0
"1240",2022-06-01,"BA.2.21",0,0
"1241",2022-06-01,"BA.2.36",0,0
"1242",2022-06-01,"BA.2.7",0,0
"1243",2022-06-01,"BA.5.1",0,0
"1244",2022-06-02,"BA.2.13",0,0
"1245",2022-06-02,"BA.2.18",0,0
"1246",2022-06-02,"BA.2.20",0,0
"1247",2022-06-02,"BA.2.21",0,0
"1248",2022-06-02,"BA.2.3",0,0
"1249",2022-06-02,"BA.2.36",0,0
"1250",2022-06-02,"BA.2.7",0,0
"1251",2022-06-02,"BA.5.1",0,0
"1252",2022-06-03,"BA.2.1",0,0
"1253",2022-06-03,"BA.2.10",0,0
"1254",2022-06-03,"BA.2.13",0,0
"1255",2022-06-03,"BA.2.18",0,0
"1256",2022-06-03,"BA.2.20",0,0
"1257",2022-06-03,"BA.2.21",0,0
"1258",2022-06-03,"BA.2.36",0,0
"1259",2022-06-03,"BA.2.7",0,0
"1260",2022-06-03,"BA.2.9",0,0
"1261",2022-06-04,"BA.2.1",0,0
"1262",2022-06-04,"BA.2.10",0,0
"1263",2022-06-04,"BA.2.18",0,0
"1264",2022-06-04,"BA.2.20",0,0
"1265",2022-06-04,"BA.2.21",0,0
"1266",2022-06-04,"BA.2.3",0,0
"1267",2022-06-04,"BA.2.36",0,0
"1268",2022-06-04,"BA.2.7",0,0
"1269",2022-06-04,"BA.5.1",0,0
"1270",2022-06-04,"Other",0,0
"1271",2022-06-05,"BA.2.1",0,0
"1272",2022-06-05,"BA.2.10",0,0
"1273",2022-06-05,"BA.2.18",0,0
"1274",2022-06-05,"BA.2.20",0,0
"1275",2022-06-05,"BA.2.21",0,0
"1276",2022-06-05,"BA.2.3",0,0
"1277",2022-06-05,"BA.2.36",0,0
"1278",2022-06-05,"BA.2.7",0,0
"1279",2022-06-05,"Other",0,0
"1280",2022-06-06,"BA.1.1",0,0
"1281",2022-06-06,"BA.2.1",0,0
"1282",2022-06-06,"BA.2.13",0,0
"1283",2022-06-06,"BA.2.20",0,0
"1284",2022-06-06,"BA.2.23",0,0
"1285",2022-06-06,"BA.2.36",0,0
"1286",2022-06-06,"BA.2.37",0,0
"1287",2022-06-06,"BA.2.8",0,0
"1288",2022-06-06,"BA.4.1",0,0
"1289",2022-06-06,"BA.5.2",0,0
"1290",2022-06-06,"BA.5.2.1",0,0
"1291",2022-06-06,"BA.5.5",0,0
"1292",2022-06-06,"BE.1",0,0
"1293",2022-06-06,"Other",0,0
"1294",2022-06-06,"Unassigned",0,0
"1295",2022-06-07,"BA.2.13",0,0
"1296",2022-06-07,"BA.2.18",0,0
"1297",2022-06-07,"BA.2.20",0,0
"1298",2022-06-07,"BA.2.23",0,0
"1299",2022-06-07,"BA.2.36",0,0
"1300",2022-06-07,"BA.2.37",0,0
"1301",2022-06-07,"BA.2.40.1",0,0
"1302",2022-06-07,"BA.2.8",0,0
"1303",2022-06-07,"BA.4.1",0,0
"1304",2022-06-07,"BA.5.2",0,0
"1305",2022-06-07,"BA.5.2.1",0,0
"1306",2022-06-07,"BA.5.5",0,0
"1307",2022-06-07,"BE.1",0,0
"1308",2022-06-07,"Unassigned",0,0
"1309",2022-06-08,"BA.1.1",0,0
"1310",2022-06-08,"BA.2.1",0,0
"1311",2022-06-08,"BA.2.18",0,0
"1312",2022-06-08,"BA.2.20",0,0
"1313",2022-06-08,"BA.2.23",0,0
"1314",2022-06-08,"BA.2.36",0,0
"1315",2022-06-08,"BA.2.40.1",0,0
"1316",2022-06-08,"BA.2.8",0,0
"1317",2022-06-08,"BA.4.1",0,0
"1318",2022-06-08,"BA.5.5",0,0
"1319",2022-06-08,"Unassigned",0,0
"1320",2022-06-09,"BA.1.1",0,0
"1321",2022-06-09,"BA.2.1",0,0
"1322",2022-06-09,"BA.2.13",0,0
"1323",2022-06-09,"BA.2.18",0,0
"1324",2022-06-09,"BA.2.23",0,0
"1325",2022-06-09,"BA.2.3",0,0
"1326",2022-06-09,"BA.2.36",0,0
"1327",2022-06-09,"BA.2.37",0,0
"1328",2022-06-09,"BA.2.40.1",0,0
"1329",2022-06-09,"BA.2.8",0,0
"1330",2022-06-09,"BA.2.9",0,0
"1331",2022-06-09,"BA.5.2",0,0
"1332",2022-06-09,"BE.1",0,0
"1333",2022-06-09,"Other",0,0
"1334",2022-06-10,"BA.1.1",0,0
"1335",2022-06-10,"BA.2.1",0,0
"1336",2022-06-10,"BA.2.18",0,0
"1337",2022-06-10,"BA.2.20",0,0
"1338",2022-06-10,"BA.2.3",0,0
"1339",2022-06-10,"BA.2.36",0,0
"1340",2022-06-10,"BA.2.37",0,0
"1341",2022-06-10,"BA.2.40.1",0,0
"1342",2022-06-10,"BA.4.1",0,0
"1343",2022-06-10,"BA.5.2",0,0
"1344",2022-06-10,"BE.1",0,0
"1345",2022-06-10,"Unassigned",0,0
"1346",2022-06-11,"BA.1.1",0,0
"1347",2022-06-11,"BA.2.1",0,0
"1348",2022-06-11,"BA.2.13",0,0
"1349",2022-06-11,"BA.2.18",0,0
"1350",2022-06-11,"BA.2.20",0,0
"1351",2022-06-11,"BA.2.23",0,0
"1352",2022-06-11,"BA.2.3",0,0
"1353",2022-06-11,"BA.2.37",0,0
"1354",2022-06-11,"BA.2.40.1",0,0
"1355",2022-06-11,"BA.2.8",0,0
"1356",2022-06-11,"BA.2.9",0,0
"1357",2022-06-11,"BA.4",0,0
"1358",2022-06-11,"BA.4.1",0,0
"1359",2022-06-11,"BA.5.2",0,0
"1360",2022-06-11,"BA.5.5",0,0
"1361",2022-06-11,"BE.1",0,0
"1362",2022-06-12,"BA.1.1",0,0
"1363",2022-06-12,"BA.2.1",0,0
"1364",2022-06-12,"BA.2.13",0,0
"1365",2022-06-12,"BA.2.18",0,0
"1366",2022-06-12,"BA.2.20",0,0
"1367",2022-06-12,"BA.2.23",0,0
"1368",2022-06-12,"BA.2.36",0,0
"1369",2022-06-12,"BA.2.37",0,0
"1370",2022-06-12,"BA.2.40.1",0,0
"1371",2022-06-12,"BA.2.8",0,0
"1372",2022-06-12,"BA.2.9",0,0
"1373",2022-06-12,"BA.5.2",0,0
"1374",2022-06-12,"BA.5.2.1",0,0
"1375",2022-06-12,"BA.5.5",0,0
"1376",2022-06-12,"BE.1",0,0
"1377",2022-06-12,"Other",0,0
"1378",2022-06-13,"BA.2.9",0,0
"1379",2022-06-13,"BA.5.2",0,0
"1380",2022-06-13,"BA.5.2.1",0,0
"1381",2022-06-13,"BA.5.5",0,0
"1382",2022-06-13,"Other",0,0
"1383",2022-06-14,"BA.2.18",0,0
"1384",2022-06-14,"BA.2.3",0,0
"1385",2022-06-14,"BA.5.2",0,0
"1386",2022-06-14,"BA.5.5",0,0
"1387",2022-06-14,"BE.1",0,0
"1388",2022-06-14,"Unassigned",0,0
"1389",2022-06-15,"BA.2.3",0,0
"1390",2022-06-15,"BA.5.2",0,0
"1391",2022-06-15,"Unassigned",0,0
"1392",2022-06-16,"BA.2.18",0,0
"1393",2022-06-16,"BA.2.9",0,0
"1394",2022-06-16,"BA.4.1",0,0
"1395",2022-06-16,"BA.5",0,0
"1396",2022-06-16,"BA.5.2",0,0
"1397",2022-06-16,"BE.1",0,0
"1398",2022-06-16,"Unassigned",0,0
"1399",2022-06-17,"BA.2.3",0,0
"1400",2022-06-17,"BA.5.1",0,0
"1401",2022-06-17,"BA.5.2",0,0
"1402",2022-06-17,"BE.1",0,0
"1403",2022-06-17,"Unassigned",0,0
"1404",2022-06-18,"BA.2.18",0,0
"1405",2022-06-18,"BA.2.3",0,0
"1406",2022-06-18,"BA.2.9",0,0
"1407",2022-06-18,"Unassigned",0,0
"1408",2022-06-19,"BA.2",0,0
"1409",2022-06-19,"BA.2.18",0,0
"1410",2022-06-19,"BA.2.3",0,0
"1411",2022-06-19,"BA.2.9",0,0
"1412",2022-06-19,"BA.5.5",0,0
"1413",2022-06-19,"BE.1",0,0
"1414",2022-06-19,"Other",0,0
"1415",2022-06-19,"Unassigned",0,0
"1416",2022-06-20,"BA.2.13",0,0
"1417",2022-06-20,"BA.2.18",0,0
"1418",2022-06-20,"BA.2.3",0,0
"1419",2022-06-20,"BA.2.9",0,0
"1420",2022-06-20,"BA.4.1",0,0
"1421",2022-06-20,"Other",0,0
"1422",2022-06-21,"BA.2",0,0
"1423",2022-06-21,"BA.2.3",0,0
"1424",2022-06-21,"BA.4.1",0,0
"1425",2022-06-21,"BE.1",0,0
"1426",2022-06-21,"Other",0,0
"1427",2022-06-21,"Unassigned",0,0
"1428",2022-06-22,"BA.2.13",0,0
"1429",2022-06-22,"BA.2.18",0,0
"1430",2022-06-22,"BA.2.9",0,0
"1431",2022-06-22,"Other",0,0
"1432",2022-06-22,"Unassigned",0,0
"1433",2022-06-23,"BA.2.18",0,0
"1434",2022-06-23,"BA.2.3",0,0
"1435",2022-06-23,"BA.2.9",0,0
"1436",2022-06-23,"Unassigned",0,0
"1437",2022-06-24,"BA.2.3",0,0
"1438",2022-06-24,"BA.2.9",0,0
"1439",2022-06-24,"Unassigned",0,0
"1440",2022-06-25,"BA.2",0,0
"1441",2022-06-25,"BA.2.13",0,0
"1442",2022-06-25,"BA.2.9",0,0
"1443",2022-06-25,"BE.1",0,0
"1444",2022-06-25,"Unassigned",0,0
"1445",2022-06-26,"BA.2.13",0,0
"1446",2022-06-26,"BA.2.3",0,0
"1447",2022-06-26,"BA.2.9",0,0
"1448",2022-06-26,"Unassigned",0,0
"1449",2022-06-27,"BA.2",0,0
"1450",2022-06-27,"BA.2.18",0,0
"1451",2022-06-27,"Unassigned",0,0
"1452",2022-06-28,"BA.2",0,0
"1453",2022-06-28,"BA.4.1",0,0
"1454",2022-06-28,"Other",0,0
"1455",2022-06-28,"Unassigned",0,0
"1456",2022-06-29,"BA.2.18",0,0
"1457",2022-06-29,"BA.5.2.1",0,0
"1458",2022-06-29,"BA.5.5",0,0
"1459",2022-06-29,"Other",0,0
